source,segment,feature,column_name,hypothesis_tested,outliers_removed,p_value,t_statistic,significant_ttest (p<0.05),optimal_threshold,roc_auc,roc_positive_class_for_metrics,sensitivity_of_roc_pos_class,specificity_for_other_class,f1_score_of_roc_pos_class,n_arvc_initial,n_healthy_initial,plot_roc_path,plot_cm_path,plot_boxplot_path,plot_ttest_dist_path
F0_yz,T,Area,t_Area,data2_greater,True,0.005691696298122066,-3.065763768385812,True,38.67559185376774,0.8333333333333334,Healthy,0.7,1.0,0.8235294117647058,6,10,Results/F0_yz/Generated_Plots/F0_yz_T_Area_roc.png,Results/F0_yz/Generated_Plots/F0_yz_T_Area_cm.png,Results/F0_yz/Generated_Plots/F0_yz_T_Area_boxplot.png,Results/F0_yz/Generated_Plots/F0_yz_T_Area_tdist.png
F0_yz,T,T-Dist,t_T-Dist,data2_greater,True,0.021360724139085168,-2.302007144621079,True,10.035909370587614,0.8148148148148149,Healthy,0.7777777777777778,1.0,0.875,6,10,Results/F0_yz/Generated_Plots/F0_yz_T_T-Dist_roc.png,Results/F0_yz/Generated_Plots/F0_yz_T_T-Dist_cm.png,Results/F0_yz/Generated_Plots/F0_yz_T_T-Dist_boxplot.png,Results/F0_yz/Generated_Plots/F0_yz_T_T-Dist_tdist.png
F0_yz,T,Compact,t_Compact,data2_greater,False,0.035068738290378085,-2.0041148874916583,True,0.7436423057584172,0.6333333333333333,Healthy,0.5,1.0,0.6666666666666666,6,10,Results/F0_yz/Generated_Plots/F0_yz_T_Compact_roc.png,Results/F0_yz/Generated_Plots/F0_yz_T_Compact_cm.png,Results/F0_yz/Generated_Plots/F0_yz_T_Compact_boxplot.png,Results/F0_yz/Generated_Plots/F0_yz_T_Compact_tdist.png
F0_yz,T,Angle,t_Angle,not_equal,False,0.9360064852871821,0.08239741518727445,False,158.42387649746195,0.5666666666666667,ARVC,0.5,0.9,0.6,6,10,Results/F0_yz/Generated_Plots/F0_yz_T_Angle_roc.png,Results/F0_yz/Generated_Plots/F0_yz_T_Angle_cm.png,Results/F0_yz/Generated_Plots/F0_yz_T_Angle_boxplot.png,Results/F0_yz/Generated_Plots/F0_yz_T_Angle_tdist.png
F0_yz,QRS,Area,qrs_Area,data2_greater,True,0.04040355277502576,-1.9807496802348408,True,91.76761964521631,0.8518518518518519,Healthy,0.7777777777777778,0.8333333333333334,0.8235294117647058,6,10,Results/F0_yz/Generated_Plots/F0_yz_QRS_Area_roc.png,Results/F0_yz/Generated_Plots/F0_yz_QRS_Area_cm.png,Results/F0_yz/Generated_Plots/F0_yz_QRS_Area_boxplot.png,Results/F0_yz/Generated_Plots/F0_yz_QRS_Area_tdist.png
F0_yz,QRS,T-Dist,qrs_T-Dist,data2_greater,True,0.34682726441051737,-0.40515761637342823,False,15.702002787117523,0.5666666666666667,Healthy,1.0,0.3333333333333333,0.8333333333333334,6,10,Results/F0_yz/Generated_Plots/F0_yz_QRS_T-Dist_roc.png,Results/F0_yz/Generated_Plots/F0_yz_QRS_T-Dist_cm.png,Results/F0_yz/Generated_Plots/F0_yz_QRS_T-Dist_boxplot.png,Results/F0_yz/Generated_Plots/F0_yz_QRS_T-Dist_tdist.png
F0_yz,QRS,Compact,qrs_Compact,data2_greater,True,0.016926266572377478,-2.400819598034648,True,0.3496713398281673,0.8518518518518519,Healthy,0.7777777777777778,1.0,0.875,6,10,Results/F0_yz/Generated_Plots/F0_yz_QRS_Compact_roc.png,Results/F0_yz/Generated_Plots/F0_yz_QRS_Compact_cm.png,Results/F0_yz/Generated_Plots/F0_yz_QRS_Compact_boxplot.png,Results/F0_yz/Generated_Plots/F0_yz_QRS_Compact_tdist.png
F0_yz,QRS,Angle,qrs_Angle,not_equal,False,0.7361299121967242,-0.34453268337609255,False,122.77333291946408,0.5333333333333333,Healthy,0.4,0.8333333333333334,0.5333333333333333,6,10,Results/F0_yz/Generated_Plots/F0_yz_QRS_Angle_roc.png,Results/F0_yz/Generated_Plots/F0_yz_QRS_Angle_cm.png,Results/F0_yz/Generated_Plots/F0_yz_QRS_Angle_boxplot.png,Results/F0_yz/Generated_Plots/F0_yz_QRS_Angle_tdist.png
F0_yz,ST,Area,st_Area,data2_greater,True,0.05009157696834667,-1.7713380158156513,False,36.83788119427254,0.7,Healthy,0.5,1.0,0.6666666666666666,6,10,Results/F0_yz/Generated_Plots/F0_yz_ST_Area_roc.png,Results/F0_yz/Generated_Plots/F0_yz_ST_Area_cm.png,Results/F0_yz/Generated_Plots/F0_yz_ST_Area_boxplot.png,Results/F0_yz/Generated_Plots/F0_yz_ST_Area_tdist.png
F0_yz,ST,T-Dist,st_T-Dist,data2_greater,True,0.7287443301855667,0.6581463466992639,False,4.904410585909067,0.36,Healthy,0.3,0.8,0.42857142857142855,6,10,Results/F0_yz/Generated_Plots/F0_yz_ST_T-Dist_roc.png,Results/F0_yz/Generated_Plots/F0_yz_ST_T-Dist_cm.png,Results/F0_yz/Generated_Plots/F0_yz_ST_T-Dist_boxplot.png,Results/F0_yz/Generated_Plots/F0_yz_ST_T-Dist_tdist.png
F0_yz,ST,Compact,st_Compact,data2_greater,True,0.5856056793315829,0.2259306752256127,False,0.1643267710069586,0.4444444444444444,Healthy,0.8888888888888888,0.4,0.8,6,10,Results/F0_yz/Generated_Plots/F0_yz_ST_Compact_roc.png,Results/F0_yz/Generated_Plots/F0_yz_ST_Compact_cm.png,Results/F0_yz/Generated_Plots/F0_yz_ST_Compact_boxplot.png,Results/F0_yz/Generated_Plots/F0_yz_ST_Compact_tdist.png
F0_yz,ST,Angle,st_Angle,not_equal,False,0.36243056056027356,0.9731523067445903,False,79.57683224649296,0.6166666666666666,ARVC,0.3333333333333333,1.0,0.5,6,10,Results/F0_yz/Generated_Plots/F0_yz_ST_Angle_roc.png,Results/F0_yz/Generated_Plots/F0_yz_ST_Angle_cm.png,Results/F0_yz/Generated_Plots/F0_yz_ST_Angle_boxplot.png,Results/F0_yz/Generated_Plots/F0_yz_ST_Angle_tdist.png
OR_xy,T,Area,t_Area,data2_greater,True,0.008359510544522292,-3.0554725982544224,True,15.83133080927756,0.8928571428571429,Healthy,0.875,1.0,0.9333333333333333,7,10,Results/OR_xy/Generated_Plots/OR_xy_T_Area_roc.png,Results/OR_xy/Generated_Plots/OR_xy_T_Area_cm.png,Results/OR_xy/Generated_Plots/OR_xy_T_Area_boxplot.png,Results/OR_xy/Generated_Plots/OR_xy_T_Area_tdist.png
OR_xy,T,T-Dist,t_T-Dist,data2_greater,True,0.013627584508824984,-2.5990398395004415,True,8.197599947037926,0.8392857142857143,Healthy,0.875,0.8571428571428571,0.875,7,10,Results/OR_xy/Generated_Plots/OR_xy_T_T-Dist_roc.png,Results/OR_xy/Generated_Plots/OR_xy_T_T-Dist_cm.png,Results/OR_xy/Generated_Plots/OR_xy_T_T-Dist_boxplot.png,Results/OR_xy/Generated_Plots/OR_xy_T_T-Dist_tdist.png
OR_xy,T,Compact,t_Compact,data2_greater,False,0.18236095638990518,-0.9572762482497635,False,0.4162474192148186,0.7857142857142857,Healthy,0.8,0.8571428571428571,0.8421052631578947,7,10,Results/OR_xy/Generated_Plots/OR_xy_T_Compact_roc.png,Results/OR_xy/Generated_Plots/OR_xy_T_Compact_cm.png,Results/OR_xy/Generated_Plots/OR_xy_T_Compact_boxplot.png,Results/OR_xy/Generated_Plots/OR_xy_T_Compact_tdist.png
OR_xy,T,Angle,t_Angle,not_equal,False,0.9663201858760191,0.043266871636727475,False,167.78144806642058,0.35714285714285715,ARVC,0.14285714285714285,1.0,0.25,7,10,Results/OR_xy/Generated_Plots/OR_xy_T_Angle_roc.png,Results/OR_xy/Generated_Plots/OR_xy_T_Angle_cm.png,Results/OR_xy/Generated_Plots/OR_xy_T_Angle_boxplot.png,Results/OR_xy/Generated_Plots/OR_xy_T_Angle_tdist.png
OR_xy,QRS,Area,qrs_Area,data2_greater,True,0.01601002769970743,-2.523919745587989,True,92.77494554097666,0.7666666666666666,Healthy,0.6,1.0,0.75,7,10,Results/OR_xy/Generated_Plots/OR_xy_QRS_Area_roc.png,Results/OR_xy/Generated_Plots/OR_xy_QRS_Area_cm.png,Results/OR_xy/Generated_Plots/OR_xy_QRS_Area_boxplot.png,Results/OR_xy/Generated_Plots/OR_xy_QRS_Area_tdist.png
OR_xy,QRS,T-Dist,qrs_T-Dist,data2_greater,True,0.031840004848370615,-2.016117384982004,True,50.716496305619415,0.7142857142857142,Healthy,0.6,1.0,0.75,7,10,Results/OR_xy/Generated_Plots/OR_xy_QRS_T-Dist_roc.png,Results/OR_xy/Generated_Plots/OR_xy_QRS_T-Dist_cm.png,Results/OR_xy/Generated_Plots/OR_xy_QRS_T-Dist_boxplot.png,Results/OR_xy/Generated_Plots/OR_xy_QRS_T-Dist_tdist.png
OR_xy,QRS,Compact,qrs_Compact,data2_greater,True,0.24084716903578318,-0.7237782773801894,False,0.2334397127931136,0.6571428571428571,Healthy,0.9,0.5714285714285714,0.8181818181818182,7,10,Results/OR_xy/Generated_Plots/OR_xy_QRS_Compact_roc.png,Results/OR_xy/Generated_Plots/OR_xy_QRS_Compact_cm.png,Results/OR_xy/Generated_Plots/OR_xy_QRS_Compact_boxplot.png,Results/OR_xy/Generated_Plots/OR_xy_QRS_Compact_tdist.png
OR_xy,QRS,Angle,qrs_Angle,not_equal,False,0.3848013145248491,0.9345667570155787,False,69.4591656628945,0.44285714285714284,ARVC,0.2857142857142857,1.0,0.4444444444444444,7,10,Results/OR_xy/Generated_Plots/OR_xy_QRS_Angle_roc.png,Results/OR_xy/Generated_Plots/OR_xy_QRS_Angle_cm.png,Results/OR_xy/Generated_Plots/OR_xy_QRS_Angle_boxplot.png,Results/OR_xy/Generated_Plots/OR_xy_QRS_Angle_tdist.png
OR_xy,ST,Area,st_Area,data2_greater,True,0.33670092869978396,-0.4360099428709967,False,9.633562796045563,0.6166666666666667,Healthy,0.7,0.8333333333333334,0.7777777777777778,7,10,Results/OR_xy/Generated_Plots/OR_xy_ST_Area_roc.png,Results/OR_xy/Generated_Plots/OR_xy_ST_Area_cm.png,Results/OR_xy/Generated_Plots/OR_xy_ST_Area_boxplot.png,Results/OR_xy/Generated_Plots/OR_xy_ST_Area_tdist.png
OR_xy,ST,T-Dist,st_T-Dist,data2_greater,True,0.7091009890519911,0.5704381058239312,False,7.661988785501522,0.35000000000000003,Healthy,0.2,0.8333333333333334,0.3076923076923077,7,10,Results/OR_xy/Generated_Plots/OR_xy_ST_T-Dist_roc.png,Results/OR_xy/Generated_Plots/OR_xy_ST_T-Dist_cm.png,Results/OR_xy/Generated_Plots/OR_xy_ST_T-Dist_boxplot.png,Results/OR_xy/Generated_Plots/OR_xy_ST_T-Dist_tdist.png
OR_xy,ST,Compact,st_Compact,data2_greater,True,0.8370099720462651,1.0205088620066927,False,0.7283280904352573,0.38571428571428573,Healthy,0.3,0.8571428571428571,0.42857142857142855,7,10,Results/OR_xy/Generated_Plots/OR_xy_ST_Compact_roc.png,Results/OR_xy/Generated_Plots/OR_xy_ST_Compact_cm.png,Results/OR_xy/Generated_Plots/OR_xy_ST_Compact_boxplot.png,Results/OR_xy/Generated_Plots/OR_xy_ST_Compact_tdist.png
OR_xy,ST,Angle,st_Angle,not_equal,False,0.6240683759651571,-0.5012841760042205,False,70.7861637598029,0.6142857142857143,Healthy,0.7,0.7142857142857143,0.7368421052631579,7,10,Results/OR_xy/Generated_Plots/OR_xy_ST_Angle_roc.png,Results/OR_xy/Generated_Plots/OR_xy_ST_Angle_cm.png,Results/OR_xy/Generated_Plots/OR_xy_ST_Angle_boxplot.png,Results/OR_xy/Generated_Plots/OR_xy_ST_Angle_tdist.png
F1_yz,T,Area,t_Area,data2_greater,True,0.29871324871857,-0.5403687957097535,False,11.872692309193468,0.6000000000000001,Healthy,0.7,0.5714285714285714,0.7,8,11,Results/F1_yz/Generated_Plots/F1_yz_T_Area_roc.png,Results/F1_yz/Generated_Plots/F1_yz_T_Area_cm.png,Results/F1_yz/Generated_Plots/F1_yz_T_Area_boxplot.png,Results/F1_yz/Generated_Plots/F1_yz_T_Area_tdist.png
F1_yz,T,T-Dist,t_T-Dist,data2_greater,True,0.11770427616729104,-1.2304042844815721,False,13.095146417212034,0.6363636363636364,Healthy,0.45454545454545453,0.875,0.5882352941176471,8,11,Results/F1_yz/Generated_Plots/F1_yz_T_T-Dist_roc.png,Results/F1_yz/Generated_Plots/F1_yz_T_T-Dist_cm.png,Results/F1_yz/Generated_Plots/F1_yz_T_T-Dist_boxplot.png,Results/F1_yz/Generated_Plots/F1_yz_T_T-Dist_tdist.png
F1_yz,T,Compact,t_Compact,data2_greater,False,0.5255194160853599,0.06497063888979089,False,0.8846193064046034,0.5113636363636364,Healthy,0.2727272727272727,1.0,0.42857142857142855,8,11,Results/F1_yz/Generated_Plots/F1_yz_T_Compact_roc.png,Results/F1_yz/Generated_Plots/F1_yz_T_Compact_cm.png,Results/F1_yz/Generated_Plots/F1_yz_T_Compact_boxplot.png,Results/F1_yz/Generated_Plots/F1_yz_T_Compact_tdist.png
F1_yz,T,Angle,t_Angle,not_equal,False,0.1982956713739894,-1.3387453064593862,False,-26.73410116126906,0.6931818181818182,Healthy,0.6363636363636364,0.75,0.7,8,11,Results/F1_yz/Generated_Plots/F1_yz_T_Angle_roc.png,Results/F1_yz/Generated_Plots/F1_yz_T_Angle_cm.png,Results/F1_yz/Generated_Plots/F1_yz_T_Angle_boxplot.png,Results/F1_yz/Generated_Plots/F1_yz_T_Angle_tdist.png
F1_yz,QRS,Area,qrs_Area,data2_greater,True,0.0031047461405801008,-3.344409057171584,True,121.11352389848082,0.8311688311688311,Healthy,0.7272727272727273,1.0,0.8421052631578947,8,11,Results/F1_yz/Generated_Plots/F1_yz_QRS_Area_roc.png,Results/F1_yz/Generated_Plots/F1_yz_QRS_Area_cm.png,Results/F1_yz/Generated_Plots/F1_yz_QRS_Area_boxplot.png,Results/F1_yz/Generated_Plots/F1_yz_QRS_Area_tdist.png
F1_yz,QRS,T-Dist,qrs_T-Dist,data2_greater,True,0.40220907472370493,-0.25289182168770336,False,31.204756419953796,0.5340909090909092,Healthy,0.6363636363636364,0.625,0.6666666666666666,8,11,Results/F1_yz/Generated_Plots/F1_yz_QRS_T-Dist_roc.png,Results/F1_yz/Generated_Plots/F1_yz_QRS_T-Dist_cm.png,Results/F1_yz/Generated_Plots/F1_yz_QRS_T-Dist_boxplot.png,Results/F1_yz/Generated_Plots/F1_yz_QRS_T-Dist_tdist.png
F1_yz,QRS,Compact,qrs_Compact,data2_greater,True,0.49500752287596217,-0.012843907354972414,False,0.1713223176493335,0.5681818181818181,Healthy,1.0,0.375,0.8148148148148148,8,11,Results/F1_yz/Generated_Plots/F1_yz_QRS_Compact_roc.png,Results/F1_yz/Generated_Plots/F1_yz_QRS_Compact_cm.png,Results/F1_yz/Generated_Plots/F1_yz_QRS_Compact_boxplot.png,Results/F1_yz/Generated_Plots/F1_yz_QRS_Compact_tdist.png
F1_yz,QRS,Angle,qrs_Angle,not_equal,False,0.3336683636302459,-0.9950541940190933,False,-71.41624408132729,0.5909090909090909,Healthy,0.7272727272727273,0.625,0.7272727272727273,8,11,Results/F1_yz/Generated_Plots/F1_yz_QRS_Angle_roc.png,Results/F1_yz/Generated_Plots/F1_yz_QRS_Angle_cm.png,Results/F1_yz/Generated_Plots/F1_yz_QRS_Angle_boxplot.png,Results/F1_yz/Generated_Plots/F1_yz_QRS_Angle_tdist.png
F1_yz,ST,Area,st_Area,data2_greater,True,0.7027195358422988,0.5576399882092267,False,3.2208444173896353,0.6428571428571428,Healthy,0.9,0.5714285714285714,0.8181818181818182,8,11,Results/F1_yz/Generated_Plots/F1_yz_ST_Area_roc.png,Results/F1_yz/Generated_Plots/F1_yz_ST_Area_cm.png,Results/F1_yz/Generated_Plots/F1_yz_ST_Area_boxplot.png,Results/F1_yz/Generated_Plots/F1_yz_ST_Area_tdist.png
F1_yz,ST,T-Dist,st_T-Dist,data2_greater,True,0.09960126842749586,-1.3460196030377811,False,4.262569904009556,0.6285714285714286,Healthy,0.3,1.0,0.46153846153846156,8,11,Results/F1_yz/Generated_Plots/F1_yz_ST_T-Dist_roc.png,Results/F1_yz/Generated_Plots/F1_yz_ST_T-Dist_cm.png,Results/F1_yz/Generated_Plots/F1_yz_ST_T-Dist_boxplot.png,Results/F1_yz/Generated_Plots/F1_yz_ST_T-Dist_tdist.png
F1_yz,ST,Compact,st_Compact,data2_greater,True,0.9172600477185138,1.4848652615538576,False,0.1277535544046266,0.325,Healthy,0.8,0.25,0.6666666666666666,8,11,Results/F1_yz/Generated_Plots/F1_yz_ST_Compact_roc.png,Results/F1_yz/Generated_Plots/F1_yz_ST_Compact_cm.png,Results/F1_yz/Generated_Plots/F1_yz_ST_Compact_boxplot.png,Results/F1_yz/Generated_Plots/F1_yz_ST_Compact_tdist.png
F1_yz,ST,Angle,st_Angle,not_equal,False,0.6740584834527013,-0.429287903791311,False,117.72241477087712,0.5568181818181819,Healthy,0.45454545454545453,0.75,0.5555555555555556,8,11,Results/F1_yz/Generated_Plots/F1_yz_ST_Angle_roc.png,Results/F1_yz/Generated_Plots/F1_yz_ST_Angle_cm.png,Results/F1_yz/Generated_Plots/F1_yz_ST_Angle_boxplot.png,Results/F1_yz/Generated_Plots/F1_yz_ST_Angle_tdist.png
EZ_yz,T,Area,t_Area,data2_greater,True,0.0512709489468815,-1.7370808875745485,False,26.320854017428815,0.7142857142857143,Healthy,0.8181818181818182,0.7142857142857143,0.8181818181818182,7,11,Results/EZ_yz/Generated_Plots/EZ_yz_T_Area_roc.png,Results/EZ_yz/Generated_Plots/EZ_yz_T_Area_cm.png,Results/EZ_yz/Generated_Plots/EZ_yz_T_Area_boxplot.png,Results/EZ_yz/Generated_Plots/EZ_yz_T_Area_tdist.png
EZ_yz,T,T-Dist,t_T-Dist,data2_greater,True,0.2096153130184633,-0.8307973270656693,False,9.296172268640722,0.6428571428571429,Healthy,0.8,0.5714285714285714,0.7619047619047619,7,11,Results/EZ_yz/Generated_Plots/EZ_yz_T_T-Dist_roc.png,Results/EZ_yz/Generated_Plots/EZ_yz_T_T-Dist_cm.png,Results/EZ_yz/Generated_Plots/EZ_yz_T_T-Dist_boxplot.png,Results/EZ_yz/Generated_Plots/EZ_yz_T_T-Dist_tdist.png
EZ_yz,T,Compact,t_Compact,data2_greater,False,0.015275254257127537,-2.4058676526041767,True,0.5103670185499313,0.7922077922077922,Healthy,0.7272727272727273,1.0,0.8421052631578947,7,11,Results/EZ_yz/Generated_Plots/EZ_yz_T_Compact_roc.png,Results/EZ_yz/Generated_Plots/EZ_yz_T_Compact_cm.png,Results/EZ_yz/Generated_Plots/EZ_yz_T_Compact_boxplot.png,Results/EZ_yz/Generated_Plots/EZ_yz_T_Compact_tdist.png
EZ_yz,T,Angle,t_Angle,not_equal,False,0.7143590016948045,0.37358310157037883,False,0.5008423852228724,0.4675324675324676,ARVC,0.7142857142857143,0.5454545454545454,0.5882352941176471,7,11,Results/EZ_yz/Generated_Plots/EZ_yz_T_Angle_roc.png,Results/EZ_yz/Generated_Plots/EZ_yz_T_Angle_cm.png,Results/EZ_yz/Generated_Plots/EZ_yz_T_Angle_boxplot.png,Results/EZ_yz/Generated_Plots/EZ_yz_T_Angle_tdist.png
EZ_yz,QRS,Area,qrs_Area,data2_greater,True,0.035960804786602095,-1.9747194370340038,True,145.35108316735852,0.696969696969697,Healthy,0.45454545454545453,1.0,0.625,7,11,Results/EZ_yz/Generated_Plots/EZ_yz_QRS_Area_roc.png,Results/EZ_yz/Generated_Plots/EZ_yz_QRS_Area_cm.png,Results/EZ_yz/Generated_Plots/EZ_yz_QRS_Area_boxplot.png,Results/EZ_yz/Generated_Plots/EZ_yz_QRS_Area_tdist.png
EZ_yz,QRS,T-Dist,qrs_T-Dist,data2_greater,True,0.869175493853045,1.2085355571843648,False,10.302525367525682,0.35064935064935066,Healthy,1.0,0.14285714285714285,0.7857142857142857,7,11,Results/EZ_yz/Generated_Plots/EZ_yz_QRS_T-Dist_roc.png,Results/EZ_yz/Generated_Plots/EZ_yz_QRS_T-Dist_cm.png,Results/EZ_yz/Generated_Plots/EZ_yz_QRS_T-Dist_boxplot.png,Results/EZ_yz/Generated_Plots/EZ_yz_QRS_T-Dist_tdist.png
EZ_yz,QRS,Compact,qrs_Compact,data2_greater,True,0.016811841730529506,-2.412435258998162,True,0.2752896593871412,0.709090909090909,Healthy,0.6363636363636364,1.0,0.7777777777777778,7,11,Results/EZ_yz/Generated_Plots/EZ_yz_QRS_Compact_roc.png,Results/EZ_yz/Generated_Plots/EZ_yz_QRS_Compact_cm.png,Results/EZ_yz/Generated_Plots/EZ_yz_QRS_Compact_boxplot.png,Results/EZ_yz/Generated_Plots/EZ_yz_QRS_Compact_tdist.png
EZ_yz,QRS,Angle,qrs_Angle,not_equal,False,0.4479531903498234,0.7784202159193089,False,-14.012452502887744,0.49350649350649345,ARVC,0.8571428571428571,0.5454545454545454,0.6666666666666666,7,11,Results/EZ_yz/Generated_Plots/EZ_yz_QRS_Angle_roc.png,Results/EZ_yz/Generated_Plots/EZ_yz_QRS_Angle_cm.png,Results/EZ_yz/Generated_Plots/EZ_yz_QRS_Angle_boxplot.png,Results/EZ_yz/Generated_Plots/EZ_yz_QRS_Angle_tdist.png
EZ_yz,ST,Area,st_Area,data2_greater,True,0.6497059065844097,0.4052823958752905,False,5.368233329982232,0.6818181818181819,Healthy,0.8181818181818182,0.6666666666666666,0.8181818181818182,7,11,Results/EZ_yz/Generated_Plots/EZ_yz_ST_Area_roc.png,Results/EZ_yz/Generated_Plots/EZ_yz_ST_Area_cm.png,Results/EZ_yz/Generated_Plots/EZ_yz_ST_Area_boxplot.png,Results/EZ_yz/Generated_Plots/EZ_yz_ST_Area_tdist.png
EZ_yz,ST,T-Dist,st_T-Dist,data2_greater,True,0.23939348937968924,-0.726382610531749,False,2.762326892059782,0.4696969696969697,Healthy,0.36363636363636365,1.0,0.5333333333333333,7,11,Results/EZ_yz/Generated_Plots/EZ_yz_ST_T-Dist_roc.png,Results/EZ_yz/Generated_Plots/EZ_yz_ST_T-Dist_cm.png,Results/EZ_yz/Generated_Plots/EZ_yz_ST_T-Dist_boxplot.png,Results/EZ_yz/Generated_Plots/EZ_yz_ST_T-Dist_tdist.png
EZ_yz,ST,Compact,st_Compact,data2_greater,True,0.24750182571592144,-0.7007640348541,False,0.3335678684039154,0.5606060606060606,Healthy,0.45454545454545453,0.8333333333333334,0.5882352941176471,7,11,Results/EZ_yz/Generated_Plots/EZ_yz_ST_Compact_roc.png,Results/EZ_yz/Generated_Plots/EZ_yz_ST_Compact_cm.png,Results/EZ_yz/Generated_Plots/EZ_yz_ST_Compact_boxplot.png,Results/EZ_yz/Generated_Plots/EZ_yz_ST_Compact_tdist.png
EZ_yz,ST,Angle,st_Angle,not_equal,False,0.04613352720815562,-2.3461552244604027,True,-42.10979497473103,0.7922077922077922,Healthy,1.0,0.7142857142857143,0.9166666666666666,7,11,Results/EZ_yz/Generated_Plots/EZ_yz_ST_Angle_roc.png,Results/EZ_yz/Generated_Plots/EZ_yz_ST_Angle_cm.png,Results/EZ_yz/Generated_Plots/EZ_yz_ST_Angle_boxplot.png,Results/EZ_yz/Generated_Plots/EZ_yz_ST_Angle_tdist.png
OX_xy,T,Area,t_Area,data2_greater,True,0.01949855695014977,-2.405098300952375,True,14.936549312493526,0.8125,Healthy,0.5,1.0,0.6666666666666666,8,11,Results/OX_xy/Generated_Plots/OX_xy_T_Area_roc.png,Results/OX_xy/Generated_Plots/OX_xy_T_Area_cm.png,Results/OX_xy/Generated_Plots/OX_xy_T_Area_boxplot.png,Results/OX_xy/Generated_Plots/OX_xy_T_Area_tdist.png
OX_xy,T,T-Dist,t_T-Dist,data2_greater,True,0.004679266006932408,-2.978476669414757,True,11.041519147770655,0.8295454545454546,Healthy,0.7272727272727273,0.875,0.8,8,11,Results/OX_xy/Generated_Plots/OX_xy_T_T-Dist_roc.png,Results/OX_xy/Generated_Plots/OX_xy_T_T-Dist_cm.png,Results/OX_xy/Generated_Plots/OX_xy_T_T-Dist_boxplot.png,Results/OX_xy/Generated_Plots/OX_xy_T_T-Dist_tdist.png
OX_xy,T,Compact,t_Compact,data2_greater,False,0.015281407587236026,-2.4645499950225194,True,0.1526594896898397,0.8295454545454546,Healthy,0.7272727272727273,0.875,0.8,8,11,Results/OX_xy/Generated_Plots/OX_xy_T_Compact_roc.png,Results/OX_xy/Generated_Plots/OX_xy_T_Compact_cm.png,Results/OX_xy/Generated_Plots/OX_xy_T_Compact_boxplot.png,Results/OX_xy/Generated_Plots/OX_xy_T_Compact_tdist.png
OX_xy,T,Angle,t_Angle,not_equal,False,0.3019027002098859,-1.0659324955094307,False,-38.69447707927571,0.6477272727272727,Healthy,0.6363636363636364,0.75,0.7,8,11,Results/OX_xy/Generated_Plots/OX_xy_T_Angle_roc.png,Results/OX_xy/Generated_Plots/OX_xy_T_Angle_cm.png,Results/OX_xy/Generated_Plots/OX_xy_T_Angle_boxplot.png,Results/OX_xy/Generated_Plots/OX_xy_T_Angle_tdist.png
OX_xy,QRS,Area,qrs_Area,data2_greater,True,0.2019382390455966,-0.8615992398210173,False,37.91029237854309,0.5375,Healthy,0.3,1.0,0.46153846153846156,8,11,Results/OX_xy/Generated_Plots/OX_xy_QRS_Area_roc.png,Results/OX_xy/Generated_Plots/OX_xy_QRS_Area_cm.png,Results/OX_xy/Generated_Plots/OX_xy_QRS_Area_boxplot.png,Results/OX_xy/Generated_Plots/OX_xy_QRS_Area_tdist.png
OX_xy,QRS,T-Dist,qrs_T-Dist,data2_greater,True,0.6857619620348275,0.4940607884239325,False,41.82977123480183,0.4431818181818182,Healthy,0.2727272727272727,0.875,0.4,8,11,Results/OX_xy/Generated_Plots/OX_xy_QRS_T-Dist_roc.png,Results/OX_xy/Generated_Plots/OX_xy_QRS_T-Dist_cm.png,Results/OX_xy/Generated_Plots/OX_xy_QRS_T-Dist_boxplot.png,Results/OX_xy/Generated_Plots/OX_xy_QRS_T-Dist_tdist.png
OX_xy,QRS,Compact,qrs_Compact,data2_greater,True,0.058150026439153464,-1.656602902771208,False,0.0863221983529127,0.6931818181818182,Healthy,0.8181818181818182,0.625,0.782608695652174,8,11,Results/OX_xy/Generated_Plots/OX_xy_QRS_Compact_roc.png,Results/OX_xy/Generated_Plots/OX_xy_QRS_Compact_cm.png,Results/OX_xy/Generated_Plots/OX_xy_QRS_Compact_boxplot.png,Results/OX_xy/Generated_Plots/OX_xy_QRS_Compact_tdist.png
OX_xy,QRS,Angle,qrs_Angle,not_equal,False,0.43527352560631094,-0.8000214802528788,False,107.64843039174264,0.4772727272727273,Healthy,0.45454545454545453,0.75,0.5555555555555556,8,11,Results/OX_xy/Generated_Plots/OX_xy_QRS_Angle_roc.png,Results/OX_xy/Generated_Plots/OX_xy_QRS_Angle_cm.png,Results/OX_xy/Generated_Plots/OX_xy_QRS_Angle_boxplot.png,Results/OX_xy/Generated_Plots/OX_xy_QRS_Angle_tdist.png
OX_xy,ST,Area,st_Area,data2_greater,True,0.06264979456249811,-1.6238977247827808,False,3.5397889197199675,0.7,Healthy,0.7,0.75,0.7368421052631579,8,11,Results/OX_xy/Generated_Plots/OX_xy_ST_Area_roc.png,Results/OX_xy/Generated_Plots/OX_xy_ST_Area_cm.png,Results/OX_xy/Generated_Plots/OX_xy_ST_Area_boxplot.png,Results/OX_xy/Generated_Plots/OX_xy_ST_Area_tdist.png
OX_xy,ST,T-Dist,st_T-Dist,data2_greater,True,0.009646181668765078,-2.6059168053213217,True,5.334783660292316,0.8116883116883117,Healthy,0.7272727272727273,0.8571428571428571,0.8,8,11,Results/OX_xy/Generated_Plots/OX_xy_ST_T-Dist_roc.png,Results/OX_xy/Generated_Plots/OX_xy_ST_T-Dist_cm.png,Results/OX_xy/Generated_Plots/OX_xy_ST_T-Dist_boxplot.png,Results/OX_xy/Generated_Plots/OX_xy_ST_T-Dist_tdist.png
OX_xy,ST,Compact,st_Compact,data2_greater,True,0.37284952128953686,-0.329977549452011,False,0.1004186521291345,0.5454545454545454,Healthy,0.9090909090909091,0.375,0.7692307692307693,8,11,Results/OX_xy/Generated_Plots/OX_xy_ST_Compact_roc.png,Results/OX_xy/Generated_Plots/OX_xy_ST_Compact_cm.png,Results/OX_xy/Generated_Plots/OX_xy_ST_Compact_boxplot.png,Results/OX_xy/Generated_Plots/OX_xy_ST_Compact_tdist.png
OX_xy,ST,Angle,st_Angle,not_equal,False,0.6928474868313993,-0.403421200211817,False,136.7868606241181,0.5568181818181819,Healthy,0.45454545454545453,0.75,0.5555555555555556,8,11,Results/OX_xy/Generated_Plots/OX_xy_ST_Angle_roc.png,Results/OX_xy/Generated_Plots/OX_xy_ST_Angle_cm.png,Results/OX_xy/Generated_Plots/OX_xy_ST_Angle_boxplot.png,Results/OX_xy/Generated_Plots/OX_xy_ST_Angle_tdist.png
OW_yz,T,Area,t_Area,data2_greater,True,0.019080891269334332,-2.395253490905853,True,14.559913367292978,0.7857142857142857,Healthy,0.7,0.8571428571428571,0.7777777777777778,7,11,Results/OW_yz/Generated_Plots/OW_yz_T_Area_roc.png,Results/OW_yz/Generated_Plots/OW_yz_T_Area_cm.png,Results/OW_yz/Generated_Plots/OW_yz_T_Area_boxplot.png,Results/OW_yz/Generated_Plots/OW_yz_T_Area_tdist.png
OW_yz,T,T-Dist,t_T-Dist,data2_greater,True,0.02100275546220656,-2.32271161983789,True,8.838314714573134,0.7,Healthy,0.7,1.0,0.8235294117647058,7,11,Results/OW_yz/Generated_Plots/OW_yz_T_T-Dist_roc.png,Results/OW_yz/Generated_Plots/OW_yz_T_T-Dist_cm.png,Results/OW_yz/Generated_Plots/OW_yz_T_T-Dist_boxplot.png,Results/OW_yz/Generated_Plots/OW_yz_T_T-Dist_tdist.png
OW_yz,T,Compact,t_Compact,data2_greater,False,0.0348097458569934,-1.9559514286177286,True,0.490928921913769,0.7012987012987013,Healthy,0.45454545454545453,1.0,0.625,7,11,Results/OW_yz/Generated_Plots/OW_yz_T_Compact_roc.png,Results/OW_yz/Generated_Plots/OW_yz_T_Compact_cm.png,Results/OW_yz/Generated_Plots/OW_yz_T_Compact_boxplot.png,Results/OW_yz/Generated_Plots/OW_yz_T_Compact_tdist.png
OW_yz,T,Angle,t_Angle,not_equal,False,0.02755872551457675,-2.442920672960185,True,42.49636774169232,0.7662337662337662,Healthy,0.45454545454545453,1.0,0.625,7,11,Results/OW_yz/Generated_Plots/OW_yz_T_Angle_roc.png,Results/OW_yz/Generated_Plots/OW_yz_T_Angle_cm.png,Results/OW_yz/Generated_Plots/OW_yz_T_Angle_boxplot.png,Results/OW_yz/Generated_Plots/OW_yz_T_Angle_tdist.png
OW_yz,QRS,Area,qrs_Area,data2_greater,True,0.054297249009710995,-1.7394398036722822,False,151.71243851792065,0.7,Healthy,0.4,1.0,0.5714285714285714,7,11,Results/OW_yz/Generated_Plots/OW_yz_QRS_Area_roc.png,Results/OW_yz/Generated_Plots/OW_yz_QRS_Area_cm.png,Results/OW_yz/Generated_Plots/OW_yz_QRS_Area_boxplot.png,Results/OW_yz/Generated_Plots/OW_yz_QRS_Area_tdist.png
OW_yz,QRS,T-Dist,qrs_T-Dist,data2_greater,True,0.3172580541382818,-0.493233332577943,False,14.124775787344143,0.5857142857142857,Healthy,1.0,0.42857142857142855,0.8333333333333334,7,11,Results/OW_yz/Generated_Plots/OW_yz_QRS_T-Dist_roc.png,Results/OW_yz/Generated_Plots/OW_yz_QRS_T-Dist_cm.png,Results/OW_yz/Generated_Plots/OW_yz_QRS_T-Dist_boxplot.png,Results/OW_yz/Generated_Plots/OW_yz_QRS_T-Dist_tdist.png
OW_yz,QRS,Compact,qrs_Compact,data2_greater,True,0.5507513263288565,0.13070153886188626,False,0.3509841445478863,0.48051948051948057,Healthy,0.8181818181818182,0.42857142857142855,0.75,7,11,Results/OW_yz/Generated_Plots/OW_yz_QRS_Compact_roc.png,Results/OW_yz/Generated_Plots/OW_yz_QRS_Compact_cm.png,Results/OW_yz/Generated_Plots/OW_yz_QRS_Compact_boxplot.png,Results/OW_yz/Generated_Plots/OW_yz_QRS_Compact_tdist.png
OW_yz,QRS,Angle,qrs_Angle,not_equal,False,0.6886297125858492,0.40907612541748795,False,-126.1268895673326,0.6233766233766234,ARVC,0.8571428571428571,0.5454545454545454,0.6666666666666666,7,11,Results/OW_yz/Generated_Plots/OW_yz_QRS_Angle_roc.png,Results/OW_yz/Generated_Plots/OW_yz_QRS_Angle_cm.png,Results/OW_yz/Generated_Plots/OW_yz_QRS_Angle_boxplot.png,Results/OW_yz/Generated_Plots/OW_yz_QRS_Angle_tdist.png
OW_yz,ST,Area,st_Area,data2_greater,True,0.259477948497569,-0.6644033025670464,False,7.936986802928246,0.6623376623376623,Healthy,0.7272727272727273,0.7142857142857143,0.7619047619047619,7,11,Results/OW_yz/Generated_Plots/OW_yz_ST_Area_roc.png,Results/OW_yz/Generated_Plots/OW_yz_ST_Area_cm.png,Results/OW_yz/Generated_Plots/OW_yz_ST_Area_boxplot.png,Results/OW_yz/Generated_Plots/OW_yz_ST_Area_tdist.png
OW_yz,ST,T-Dist,st_T-Dist,data2_greater,True,0.6470990588684802,0.3897701325135755,False,2.8893023868743986,0.35,Healthy,0.4,0.6666666666666666,0.5,7,11,Results/OW_yz/Generated_Plots/OW_yz_ST_T-Dist_roc.png,Results/OW_yz/Generated_Plots/OW_yz_ST_T-Dist_cm.png,Results/OW_yz/Generated_Plots/OW_yz_ST_T-Dist_boxplot.png,Results/OW_yz/Generated_Plots/OW_yz_ST_T-Dist_tdist.png
OW_yz,ST,Compact,st_Compact,data2_greater,True,0.21835630159145508,-0.8000629206414317,False,0.3586362713891717,0.5909090909090908,Healthy,0.45454545454545453,1.0,0.625,7,11,Results/OW_yz/Generated_Plots/OW_yz_ST_Compact_roc.png,Results/OW_yz/Generated_Plots/OW_yz_ST_Compact_cm.png,Results/OW_yz/Generated_Plots/OW_yz_ST_Compact_boxplot.png,Results/OW_yz/Generated_Plots/OW_yz_ST_Compact_tdist.png
OW_yz,ST,Angle,st_Angle,not_equal,False,0.11161425989425511,1.741047939264032,False,55.82582585604534,0.7272727272727272,ARVC,0.7142857142857143,0.8181818181818182,0.7142857142857143,7,11,Results/OW_yz/Generated_Plots/OW_yz_ST_Angle_roc.png,Results/OW_yz/Generated_Plots/OW_yz_ST_Angle_cm.png,Results/OW_yz/Generated_Plots/OW_yz_ST_Angle_boxplot.png,Results/OW_yz/Generated_Plots/OW_yz_ST_Angle_tdist.png
OO_yz,T,Area,t_Area,data2_greater,True,0.07698384037552114,-1.535856007665929,False,37.91075904057138,0.6714285714285715,Healthy,0.4,1.0,0.5714285714285714,8,11,Results/OO_yz/Generated_Plots/OO_yz_T_Area_roc.png,Results/OO_yz/Generated_Plots/OO_yz_T_Area_cm.png,Results/OO_yz/Generated_Plots/OO_yz_T_Area_boxplot.png,Results/OO_yz/Generated_Plots/OO_yz_T_Area_tdist.png
OO_yz,T,T-Dist,t_T-Dist,data2_greater,True,0.03428944596379419,-1.9685425093768758,True,11.571743585141624,0.6623376623376623,Healthy,0.45454545454545453,1.0,0.625,8,11,Results/OO_yz/Generated_Plots/OO_yz_T_T-Dist_roc.png,Results/OO_yz/Generated_Plots/OO_yz_T_T-Dist_cm.png,Results/OO_yz/Generated_Plots/OO_yz_T_T-Dist_boxplot.png,Results/OO_yz/Generated_Plots/OO_yz_T_T-Dist_tdist.png
OO_yz,T,Compact,t_Compact,data2_greater,False,0.1914266943690136,-0.8958701730291632,False,0.6743343739591132,0.5909090909090908,Healthy,0.45454545454545453,0.75,0.5555555555555556,8,11,Results/OO_yz/Generated_Plots/OO_yz_T_Compact_roc.png,Results/OO_yz/Generated_Plots/OO_yz_T_Compact_cm.png,Results/OO_yz/Generated_Plots/OO_yz_T_Compact_boxplot.png,Results/OO_yz/Generated_Plots/OO_yz_T_Compact_tdist.png
OO_yz,T,Angle,t_Angle,not_equal,False,0.2786514845033402,-1.1217711269934152,False,8.859232812842897,0.5795454545454546,Healthy,0.2727272727272727,1.0,0.42857142857142855,8,11,Results/OO_yz/Generated_Plots/OO_yz_T_Angle_roc.png,Results/OO_yz/Generated_Plots/OO_yz_T_Angle_cm.png,Results/OO_yz/Generated_Plots/OO_yz_T_Angle_boxplot.png,Results/OO_yz/Generated_Plots/OO_yz_T_Angle_tdist.png
OO_yz,QRS,Area,qrs_Area,data2_greater,True,0.14772024646584805,-1.0795804757588825,False,148.26159062057536,0.6590909090909091,Healthy,0.6363636363636364,0.75,0.7,8,11,Results/OO_yz/Generated_Plots/OO_yz_QRS_Area_roc.png,Results/OO_yz/Generated_Plots/OO_yz_QRS_Area_cm.png,Results/OO_yz/Generated_Plots/OO_yz_QRS_Area_boxplot.png,Results/OO_yz/Generated_Plots/OO_yz_QRS_Area_tdist.png
OO_yz,QRS,T-Dist,qrs_T-Dist,data2_greater,True,0.5557361856935142,0.1446390483322533,False,15.797772232895603,0.6,Healthy,1.0,0.5,0.8333333333333334,8,11,Results/OO_yz/Generated_Plots/OO_yz_QRS_T-Dist_roc.png,Results/OO_yz/Generated_Plots/OO_yz_QRS_T-Dist_cm.png,Results/OO_yz/Generated_Plots/OO_yz_QRS_T-Dist_boxplot.png,Results/OO_yz/Generated_Plots/OO_yz_QRS_T-Dist_tdist.png
OO_yz,QRS,Compact,qrs_Compact,data2_greater,True,0.49110865096559064,-0.022619522743218125,False,0.811789891379757,0.4431818181818181,Healthy,0.36363636363636365,0.875,0.5,8,11,Results/OO_yz/Generated_Plots/OO_yz_QRS_Compact_roc.png,Results/OO_yz/Generated_Plots/OO_yz_QRS_Compact_cm.png,Results/OO_yz/Generated_Plots/OO_yz_QRS_Compact_boxplot.png,Results/OO_yz/Generated_Plots/OO_yz_QRS_Compact_tdist.png
OO_yz,QRS,Angle,qrs_Angle,not_equal,False,0.7608987010129201,0.30945989790110534,False,-71.62010956788004,0.5568181818181819,ARVC,0.5,0.7272727272727273,0.5333333333333333,8,11,Results/OO_yz/Generated_Plots/OO_yz_QRS_Angle_roc.png,Results/OO_yz/Generated_Plots/OO_yz_QRS_Angle_cm.png,Results/OO_yz/Generated_Plots/OO_yz_QRS_Angle_boxplot.png,Results/OO_yz/Generated_Plots/OO_yz_QRS_Angle_tdist.png
OO_yz,ST,Area,st_Area,data2_greater,True,0.03216755459332882,-2.01757849354658,True,7.248699784924639,0.7424242424242424,Healthy,0.6363636363636364,0.8333333333333334,0.7368421052631579,8,11,Results/OO_yz/Generated_Plots/OO_yz_ST_Area_roc.png,Results/OO_yz/Generated_Plots/OO_yz_ST_Area_cm.png,Results/OO_yz/Generated_Plots/OO_yz_ST_Area_boxplot.png,Results/OO_yz/Generated_Plots/OO_yz_ST_Area_tdist.png
OO_yz,ST,T-Dist,st_T-Dist,data2_greater,True,0.2616696350289699,-0.6539849816211312,False,2.6917761113576564,0.48484848484848486,Healthy,0.36363636363636365,1.0,0.5333333333333333,8,11,Results/OO_yz/Generated_Plots/OO_yz_ST_T-Dist_roc.png,Results/OO_yz/Generated_Plots/OO_yz_ST_T-Dist_cm.png,Results/OO_yz/Generated_Plots/OO_yz_ST_T-Dist_boxplot.png,Results/OO_yz/Generated_Plots/OO_yz_ST_T-Dist_tdist.png
OO_yz,ST,Compact,st_Compact,data2_greater,True,0.8172711553388055,0.9477727671488899,False,0.0698658981490469,0.3875,Healthy,0.8,0.25,0.6666666666666666,8,11,Results/OO_yz/Generated_Plots/OO_yz_ST_Compact_roc.png,Results/OO_yz/Generated_Plots/OO_yz_ST_Compact_cm.png,Results/OO_yz/Generated_Plots/OO_yz_ST_Compact_boxplot.png,Results/OO_yz/Generated_Plots/OO_yz_ST_Compact_tdist.png
OO_yz,ST,Angle,st_Angle,not_equal,False,0.5662022070485568,-0.5892609974481459,False,155.1091598405714,0.5113636363636364,Healthy,0.18181818181818182,1.0,0.3076923076923077,8,11,Results/OO_yz/Generated_Plots/OO_yz_ST_Angle_roc.png,Results/OO_yz/Generated_Plots/OO_yz_ST_Angle_cm.png,Results/OO_yz/Generated_Plots/OO_yz_ST_Angle_boxplot.png,Results/OO_yz/Generated_Plots/OO_yz_ST_Angle_tdist.png
C1_xy,T,Area,t_Area,data2_greater,True,0.012067520773308825,-2.638008650231381,True,4.808721671647859,0.893939393939394,Healthy,1.0,0.6666666666666666,0.9166666666666666,7,11,Results/C1_xy/Generated_Plots/C1_xy_T_Area_roc.png,Results/C1_xy/Generated_Plots/C1_xy_T_Area_cm.png,Results/C1_xy/Generated_Plots/C1_xy_T_Area_boxplot.png,Results/C1_xy/Generated_Plots/C1_xy_T_Area_tdist.png
C1_xy,T,T-Dist,t_T-Dist,data2_greater,True,0.005585246824550709,-2.997338555404203,True,6.303092633252126,0.8666666666666667,Healthy,0.9,0.8333333333333334,0.9,7,11,Results/C1_xy/Generated_Plots/C1_xy_T_T-Dist_roc.png,Results/C1_xy/Generated_Plots/C1_xy_T_T-Dist_cm.png,Results/C1_xy/Generated_Plots/C1_xy_T_T-Dist_boxplot.png,Results/C1_xy/Generated_Plots/C1_xy_T_T-Dist_tdist.png
C1_xy,T,Compact,t_Compact,data2_greater,False,0.3342742171745079,-0.43866204340607506,False,0.2105719856967236,0.5584415584415585,Healthy,0.8181818181818182,0.42857142857142855,0.75,7,11,Results/C1_xy/Generated_Plots/C1_xy_T_Compact_roc.png,Results/C1_xy/Generated_Plots/C1_xy_T_Compact_cm.png,Results/C1_xy/Generated_Plots/C1_xy_T_Compact_boxplot.png,Results/C1_xy/Generated_Plots/C1_xy_T_Compact_tdist.png
C1_xy,T,Angle,t_Angle,not_equal,False,0.09436412951267403,1.787008236287598,False,-59.61441746675989,0.7662337662337662,ARVC,1.0,0.5454545454545454,0.7368421052631579,7,11,Results/C1_xy/Generated_Plots/C1_xy_T_Angle_roc.png,Results/C1_xy/Generated_Plots/C1_xy_T_Angle_cm.png,Results/C1_xy/Generated_Plots/C1_xy_T_Angle_boxplot.png,Results/C1_xy/Generated_Plots/C1_xy_T_Angle_tdist.png
C1_xy,QRS,Area,qrs_Area,data2_greater,True,0.014495199387686227,-2.460164855031055,True,81.67738683806738,0.7662337662337663,Healthy,0.6363636363636364,1.0,0.7777777777777778,7,11,Results/C1_xy/Generated_Plots/C1_xy_QRS_Area_roc.png,Results/C1_xy/Generated_Plots/C1_xy_QRS_Area_cm.png,Results/C1_xy/Generated_Plots/C1_xy_QRS_Area_boxplot.png,Results/C1_xy/Generated_Plots/C1_xy_QRS_Area_tdist.png
C1_xy,QRS,T-Dist,qrs_T-Dist,data2_greater,True,0.18602629414513772,-0.9292162513651863,False,15.31090657652526,0.6363636363636364,Healthy,1.0,0.42857142857142855,0.8461538461538461,7,11,Results/C1_xy/Generated_Plots/C1_xy_QRS_T-Dist_roc.png,Results/C1_xy/Generated_Plots/C1_xy_QRS_T-Dist_cm.png,Results/C1_xy/Generated_Plots/C1_xy_QRS_T-Dist_boxplot.png,Results/C1_xy/Generated_Plots/C1_xy_QRS_T-Dist_tdist.png
C1_xy,QRS,Compact,qrs_Compact,data2_greater,True,0.9076585210667232,1.4540129932800803,False,0.1719167292465922,0.26785714285714285,Healthy,0.875,0.2857142857142857,0.7,7,11,Results/C1_xy/Generated_Plots/C1_xy_QRS_Compact_roc.png,Results/C1_xy/Generated_Plots/C1_xy_QRS_Compact_cm.png,Results/C1_xy/Generated_Plots/C1_xy_QRS_Compact_boxplot.png,Results/C1_xy/Generated_Plots/C1_xy_QRS_Compact_tdist.png
C1_xy,QRS,Angle,qrs_Angle,not_equal,False,0.24519127222583303,1.2360057682375887,False,-53.45559366305488,0.7142857142857143,ARVC,1.0,0.45454545454545453,0.7,7,11,Results/C1_xy/Generated_Plots/C1_xy_QRS_Angle_roc.png,Results/C1_xy/Generated_Plots/C1_xy_QRS_Angle_cm.png,Results/C1_xy/Generated_Plots/C1_xy_QRS_Angle_boxplot.png,Results/C1_xy/Generated_Plots/C1_xy_QRS_Angle_tdist.png
C1_xy,ST,Area,st_Area,data2_greater,True,0.48823925074963587,-0.03036414345588905,False,7.516831169786251,0.5666666666666667,Healthy,0.7,0.6666666666666666,0.7368421052631579,7,11,Results/C1_xy/Generated_Plots/C1_xy_ST_Area_roc.png,Results/C1_xy/Generated_Plots/C1_xy_ST_Area_cm.png,Results/C1_xy/Generated_Plots/C1_xy_ST_Area_boxplot.png,Results/C1_xy/Generated_Plots/C1_xy_ST_Area_tdist.png
C1_xy,ST,T-Dist,st_T-Dist,data2_greater,True,0.8526153078078831,1.1563309081792463,False,inf,0.24074074074074076,Healthy,0.0,1.0,0.0,7,11,Results/C1_xy/Generated_Plots/C1_xy_ST_T-Dist_roc.png,Results/C1_xy/Generated_Plots/C1_xy_ST_T-Dist_cm.png,Results/C1_xy/Generated_Plots/C1_xy_ST_T-Dist_boxplot.png,Results/C1_xy/Generated_Plots/C1_xy_ST_T-Dist_tdist.png
C1_xy,ST,Compact,st_Compact,data2_greater,True,0.5803619710958599,0.20822535122337058,False,0.3568543350068869,0.4696969696969696,Healthy,0.36363636363636365,0.8333333333333334,0.5,7,11,Results/C1_xy/Generated_Plots/C1_xy_ST_Compact_roc.png,Results/C1_xy/Generated_Plots/C1_xy_ST_Compact_cm.png,Results/C1_xy/Generated_Plots/C1_xy_ST_Compact_boxplot.png,Results/C1_xy/Generated_Plots/C1_xy_ST_Compact_tdist.png
C1_xy,ST,Angle,st_Angle,not_equal,False,0.4437833175826621,-0.8053375099217378,False,-63.452591534412115,0.5324675324675325,Healthy,1.0,0.2857142857142857,0.8148148148148148,7,11,Results/C1_xy/Generated_Plots/C1_xy_ST_Angle_roc.png,Results/C1_xy/Generated_Plots/C1_xy_ST_Angle_cm.png,Results/C1_xy/Generated_Plots/C1_xy_ST_Angle_boxplot.png,Results/C1_xy/Generated_Plots/C1_xy_ST_Angle_tdist.png
OY_xy,T,Area,t_Area,data2_greater,True,0.010627381848269314,-2.5973597623338285,True,5.25643126507948,0.8714285714285714,Healthy,1.0,0.7142857142857143,0.9090909090909091,8,11,Results/OY_xy/Generated_Plots/OY_xy_T_Area_roc.png,Results/OY_xy/Generated_Plots/OY_xy_T_Area_cm.png,Results/OY_xy/Generated_Plots/OY_xy_T_Area_boxplot.png,Results/OY_xy/Generated_Plots/OY_xy_T_Area_tdist.png
OY_xy,T,T-Dist,t_T-Dist,data2_greater,True,0.009904166154330929,-2.579404405410383,True,5.773044233110852,0.8181818181818181,Healthy,1.0,0.625,0.88,8,11,Results/OY_xy/Generated_Plots/OY_xy_T_T-Dist_roc.png,Results/OY_xy/Generated_Plots/OY_xy_T_T-Dist_cm.png,Results/OY_xy/Generated_Plots/OY_xy_T_T-Dist_boxplot.png,Results/OY_xy/Generated_Plots/OY_xy_T_T-Dist_tdist.png
OY_xy,T,Compact,t_Compact,data2_greater,False,0.009990101779048646,-2.574024760435213,True,0.628460582213908,0.8295454545454546,Healthy,0.5454545454545454,1.0,0.7058823529411765,8,11,Results/OY_xy/Generated_Plots/OY_xy_T_Compact_roc.png,Results/OY_xy/Generated_Plots/OY_xy_T_Compact_cm.png,Results/OY_xy/Generated_Plots/OY_xy_T_Compact_boxplot.png,Results/OY_xy/Generated_Plots/OY_xy_T_Compact_tdist.png
OY_xy,T,Angle,t_Angle,not_equal,False,0.9861757484415494,-0.017734010889364615,False,-92.81892129129685,0.6136363636363635,Healthy,0.6363636363636364,0.75,0.7,8,11,Results/OY_xy/Generated_Plots/OY_xy_T_Angle_roc.png,Results/OY_xy/Generated_Plots/OY_xy_T_Angle_cm.png,Results/OY_xy/Generated_Plots/OY_xy_T_Angle_boxplot.png,Results/OY_xy/Generated_Plots/OY_xy_T_Angle_tdist.png
OY_xy,QRS,Area,qrs_Area,data2_greater,True,0.08978478562025405,-1.4091033967029682,False,36.91642716921706,0.6704545454545454,Healthy,0.8181818181818182,0.625,0.782608695652174,8,11,Results/OY_xy/Generated_Plots/OY_xy_QRS_Area_roc.png,Results/OY_xy/Generated_Plots/OY_xy_QRS_Area_cm.png,Results/OY_xy/Generated_Plots/OY_xy_QRS_Area_boxplot.png,Results/OY_xy/Generated_Plots/OY_xy_QRS_Area_tdist.png
OY_xy,QRS,T-Dist,qrs_T-Dist,data2_greater,True,0.44069119429988624,-0.1532087243783614,False,15.675215307344686,0.5795454545454546,Healthy,1.0,0.5,0.8461538461538461,8,11,Results/OY_xy/Generated_Plots/OY_xy_QRS_T-Dist_roc.png,Results/OY_xy/Generated_Plots/OY_xy_QRS_T-Dist_cm.png,Results/OY_xy/Generated_Plots/OY_xy_QRS_T-Dist_boxplot.png,Results/OY_xy/Generated_Plots/OY_xy_QRS_T-Dist_tdist.png
OY_xy,QRS,Compact,qrs_Compact,data2_greater,True,0.1888470176682287,-0.907338015017213,False,0.944546319553889,0.5324675324675324,Healthy,0.2727272727272727,1.0,0.42857142857142855,8,11,Results/OY_xy/Generated_Plots/OY_xy_QRS_Compact_roc.png,Results/OY_xy/Generated_Plots/OY_xy_QRS_Compact_cm.png,Results/OY_xy/Generated_Plots/OY_xy_QRS_Compact_boxplot.png,Results/OY_xy/Generated_Plots/OY_xy_QRS_Compact_tdist.png
OY_xy,QRS,Angle,qrs_Angle,not_equal,False,0.16337733187013864,1.5119549180551672,False,50.385997496550104,0.6136363636363635,ARVC,0.5,0.9090909090909091,0.6153846153846154,8,11,Results/OY_xy/Generated_Plots/OY_xy_QRS_Angle_roc.png,Results/OY_xy/Generated_Plots/OY_xy_QRS_Angle_cm.png,Results/OY_xy/Generated_Plots/OY_xy_QRS_Angle_boxplot.png,Results/OY_xy/Generated_Plots/OY_xy_QRS_Angle_tdist.png
OY_xy,ST,Area,st_Area,data2_greater,True,0.007856968926721256,-2.86615706077669,True,13.952174076563438,0.7727272727272727,Healthy,0.7272727272727273,1.0,0.8421052631578947,8,11,Results/OY_xy/Generated_Plots/OY_xy_ST_Area_roc.png,Results/OY_xy/Generated_Plots/OY_xy_ST_Area_cm.png,Results/OY_xy/Generated_Plots/OY_xy_ST_Area_boxplot.png,Results/OY_xy/Generated_Plots/OY_xy_ST_Area_tdist.png
OY_xy,ST,T-Dist,st_T-Dist,data2_greater,True,0.8485313517849924,1.1178634012764668,False,inf,0.3253968253968254,Healthy,0.0,1.0,0.0,8,11,Results/OY_xy/Generated_Plots/OY_xy_ST_T-Dist_roc.png,Results/OY_xy/Generated_Plots/OY_xy_ST_T-Dist_cm.png,Results/OY_xy/Generated_Plots/OY_xy_ST_T-Dist_boxplot.png,Results/OY_xy/Generated_Plots/OY_xy_ST_T-Dist_tdist.png
OY_xy,ST,Compact,st_Compact,data2_greater,True,0.9771354085165963,2.3179514686496243,False,0.1651035799879603,0.1481481481481481,Healthy,0.8888888888888888,0.16666666666666666,0.7272727272727273,8,11,Results/OY_xy/Generated_Plots/OY_xy_ST_Compact_roc.png,Results/OY_xy/Generated_Plots/OY_xy_ST_Compact_cm.png,Results/OY_xy/Generated_Plots/OY_xy_ST_Compact_boxplot.png,Results/OY_xy/Generated_Plots/OY_xy_ST_Compact_tdist.png
OY_xy,ST,Angle,st_Angle,not_equal,False,0.9796320337923575,0.02590848892103179,False,-89.58148739018765,0.5113636363636364,ARVC,1.0,0.2727272727272727,0.6666666666666666,8,11,Results/OY_xy/Generated_Plots/OY_xy_ST_Angle_roc.png,Results/OY_xy/Generated_Plots/OY_xy_ST_Angle_cm.png,Results/OY_xy/Generated_Plots/OY_xy_ST_Angle_boxplot.png,Results/OY_xy/Generated_Plots/OY_xy_ST_Angle_tdist.png
F2_xy,T,Area,t_Area,data2_greater,True,0.05744023578345366,-1.7655798585198785,False,11.071823117374194,0.8412698412698413,Healthy,0.8888888888888888,0.7142857142857143,0.8421052631578947,8,10,Results/F2_xy/Generated_Plots/F2_xy_T_Area_roc.png,Results/F2_xy/Generated_Plots/F2_xy_T_Area_cm.png,Results/F2_xy/Generated_Plots/F2_xy_T_Area_boxplot.png,Results/F2_xy/Generated_Plots/F2_xy_T_Area_tdist.png
F2_xy,T,T-Dist,t_T-Dist,data2_greater,True,0.0011613200897345544,-3.979062654811879,True,7.303505818273828,0.9861111111111112,Healthy,0.8888888888888888,1.0,0.9411764705882353,8,10,Results/F2_xy/Generated_Plots/F2_xy_T_T-Dist_roc.png,Results/F2_xy/Generated_Plots/F2_xy_T_T-Dist_cm.png,Results/F2_xy/Generated_Plots/F2_xy_T_T-Dist_boxplot.png,Results/F2_xy/Generated_Plots/F2_xy_T_T-Dist_tdist.png
F2_xy,T,Compact,t_Compact,data2_greater,False,0.5339795050538265,0.08670805475596952,False,0.2096477351988709,0.5125,Healthy,1.0,0.25,0.7692307692307693,8,10,Results/F2_xy/Generated_Plots/F2_xy_T_Compact_roc.png,Results/F2_xy/Generated_Plots/F2_xy_T_Compact_cm.png,Results/F2_xy/Generated_Plots/F2_xy_T_Compact_boxplot.png,Results/F2_xy/Generated_Plots/F2_xy_T_Compact_tdist.png
F2_xy,T,Angle,t_Angle,not_equal,False,0.6750945293992818,-0.42902469181129416,False,-90.96868961672476,0.5875,Healthy,0.8,0.625,0.7619047619047619,8,10,Results/F2_xy/Generated_Plots/F2_xy_T_Angle_roc.png,Results/F2_xy/Generated_Plots/F2_xy_T_Angle_cm.png,Results/F2_xy/Generated_Plots/F2_xy_T_Angle_boxplot.png,Results/F2_xy/Generated_Plots/F2_xy_T_Angle_tdist.png
F2_xy,QRS,Area,qrs_Area,data2_greater,True,0.04538748956940121,-1.9561827132164227,True,48.9701305487289,0.796875,Healthy,0.625,1.0,0.7692307692307693,8,10,Results/F2_xy/Generated_Plots/F2_xy_QRS_Area_roc.png,Results/F2_xy/Generated_Plots/F2_xy_QRS_Area_cm.png,Results/F2_xy/Generated_Plots/F2_xy_QRS_Area_boxplot.png,Results/F2_xy/Generated_Plots/F2_xy_QRS_Area_tdist.png
F2_xy,QRS,T-Dist,qrs_T-Dist,data2_greater,True,0.0035485147208690654,-3.232171030288719,True,23.29546761027325,0.875,Healthy,0.9,0.75,0.8571428571428571,8,10,Results/F2_xy/Generated_Plots/F2_xy_QRS_T-Dist_roc.png,Results/F2_xy/Generated_Plots/F2_xy_QRS_T-Dist_cm.png,Results/F2_xy/Generated_Plots/F2_xy_QRS_T-Dist_boxplot.png,Results/F2_xy/Generated_Plots/F2_xy_QRS_T-Dist_tdist.png
F2_xy,QRS,Compact,qrs_Compact,data2_greater,True,0.41563951833944673,-0.21661445886626665,False,0.2058059755680787,0.5125000000000001,Healthy,0.8,0.375,0.6956521739130435,8,10,Results/F2_xy/Generated_Plots/F2_xy_QRS_Compact_roc.png,Results/F2_xy/Generated_Plots/F2_xy_QRS_Compact_cm.png,Results/F2_xy/Generated_Plots/F2_xy_QRS_Compact_boxplot.png,Results/F2_xy/Generated_Plots/F2_xy_QRS_Compact_tdist.png
F2_xy,QRS,Angle,qrs_Angle,not_equal,False,0.35828653981558845,0.9737907095903613,False,-39.81139513820282,0.575,ARVC,0.625,0.8,0.6666666666666666,8,10,Results/F2_xy/Generated_Plots/F2_xy_QRS_Angle_roc.png,Results/F2_xy/Generated_Plots/F2_xy_QRS_Angle_cm.png,Results/F2_xy/Generated_Plots/F2_xy_QRS_Angle_boxplot.png,Results/F2_xy/Generated_Plots/F2_xy_QRS_Angle_tdist.png
F2_xy,ST,Area,st_Area,data2_greater,True,0.025024501395026925,-2.25798829464475,True,14.144027038285458,0.7777777777777778,Healthy,0.6666666666666666,1.0,0.8,8,10,Results/F2_xy/Generated_Plots/F2_xy_ST_Area_roc.png,Results/F2_xy/Generated_Plots/F2_xy_ST_Area_cm.png,Results/F2_xy/Generated_Plots/F2_xy_ST_Area_boxplot.png,Results/F2_xy/Generated_Plots/F2_xy_ST_Area_tdist.png
F2_xy,ST,T-Dist,st_T-Dist,data2_greater,True,0.8103433774656688,0.933499477236599,False,inf,0.3412698412698413,Healthy,0.0,1.0,0.0,8,10,Results/F2_xy/Generated_Plots/F2_xy_ST_T-Dist_roc.png,Results/F2_xy/Generated_Plots/F2_xy_ST_T-Dist_cm.png,Results/F2_xy/Generated_Plots/F2_xy_ST_T-Dist_boxplot.png,Results/F2_xy/Generated_Plots/F2_xy_ST_T-Dist_tdist.png
F2_xy,ST,Compact,st_Compact,data2_greater,True,0.2541988678907699,-0.6796255273815094,False,0.108275166263182,0.6,Healthy,1.0,0.2857142857142857,0.8,8,10,Results/F2_xy/Generated_Plots/F2_xy_ST_Compact_roc.png,Results/F2_xy/Generated_Plots/F2_xy_ST_Compact_cm.png,Results/F2_xy/Generated_Plots/F2_xy_ST_Compact_boxplot.png,Results/F2_xy/Generated_Plots/F2_xy_ST_Compact_tdist.png
F2_xy,ST,Angle,st_Angle,not_equal,False,0.4097970650027346,-0.8494667306788513,False,60.86724662846125,0.6124999999999999,Healthy,0.9,0.5,0.782608695652174,8,10,Results/F2_xy/Generated_Plots/F2_xy_ST_Angle_roc.png,Results/F2_xy/Generated_Plots/F2_xy_ST_Angle_cm.png,Results/F2_xy/Generated_Plots/F2_xy_ST_Angle_boxplot.png,Results/F2_xy/Generated_Plots/F2_xy_ST_Angle_tdist.png
EY_xy,T,Area,t_Area,data2_greater,True,0.01429964486194557,-2.598114692530145,True,6.85780580006211,0.9333333333333333,Healthy,0.9,0.8333333333333334,0.9,7,11,Results/EY_xy/Generated_Plots/EY_xy_T_Area_roc.png,Results/EY_xy/Generated_Plots/EY_xy_T_Area_cm.png,Results/EY_xy/Generated_Plots/EY_xy_T_Area_boxplot.png,Results/EY_xy/Generated_Plots/EY_xy_T_Area_tdist.png
EY_xy,T,T-Dist,t_T-Dist,data2_greater,True,0.0385168024738191,-1.9261535150806868,True,8.396662897174796,0.6363636363636364,Healthy,0.5454545454545454,0.8571428571428571,0.6666666666666666,7,11,Results/EY_xy/Generated_Plots/EY_xy_T_T-Dist_roc.png,Results/EY_xy/Generated_Plots/EY_xy_T_T-Dist_cm.png,Results/EY_xy/Generated_Plots/EY_xy_T_T-Dist_boxplot.png,Results/EY_xy/Generated_Plots/EY_xy_T_T-Dist_tdist.png
EY_xy,T,Compact,t_Compact,data2_greater,False,0.16654618091911927,-1.0053239327115937,False,0.4732931240554837,0.6363636363636364,Healthy,0.6363636363636364,0.7142857142857143,0.7,7,11,Results/EY_xy/Generated_Plots/EY_xy_T_Compact_roc.png,Results/EY_xy/Generated_Plots/EY_xy_T_Compact_cm.png,Results/EY_xy/Generated_Plots/EY_xy_T_Compact_boxplot.png,Results/EY_xy/Generated_Plots/EY_xy_T_Compact_tdist.png
EY_xy,T,Angle,t_Angle,not_equal,False,0.7573318252850405,0.31658946791379344,False,-85.48898170039017,0.5454545454545454,ARVC,0.42857142857142855,0.9090909090909091,0.5454545454545454,7,11,Results/EY_xy/Generated_Plots/EY_xy_T_Angle_roc.png,Results/EY_xy/Generated_Plots/EY_xy_T_Angle_cm.png,Results/EY_xy/Generated_Plots/EY_xy_T_Angle_boxplot.png,Results/EY_xy/Generated_Plots/EY_xy_T_Angle_tdist.png
EY_xy,QRS,Area,qrs_Area,data2_greater,True,0.048571143000135195,-1.8228918742634133,True,328.0908275841863,0.6166666666666666,Healthy,0.4,1.0,0.5714285714285714,7,11,Results/EY_xy/Generated_Plots/EY_xy_QRS_Area_roc.png,Results/EY_xy/Generated_Plots/EY_xy_QRS_Area_cm.png,Results/EY_xy/Generated_Plots/EY_xy_QRS_Area_boxplot.png,Results/EY_xy/Generated_Plots/EY_xy_QRS_Area_tdist.png
EY_xy,QRS,T-Dist,qrs_T-Dist,data2_greater,True,0.046890324178903986,-1.7854065696758965,True,43.114055722791065,0.7012987012987013,Healthy,0.45454545454545453,1.0,0.625,7,11,Results/EY_xy/Generated_Plots/EY_xy_QRS_T-Dist_roc.png,Results/EY_xy/Generated_Plots/EY_xy_QRS_T-Dist_cm.png,Results/EY_xy/Generated_Plots/EY_xy_QRS_T-Dist_boxplot.png,Results/EY_xy/Generated_Plots/EY_xy_QRS_T-Dist_tdist.png
EY_xy,QRS,Compact,qrs_Compact,data2_greater,True,0.7726000634607884,0.7767164214429598,False,0.4569421192994829,0.38961038961038963,Healthy,0.45454545454545453,0.5714285714285714,0.5263157894736842,7,11,Results/EY_xy/Generated_Plots/EY_xy_QRS_Compact_roc.png,Results/EY_xy/Generated_Plots/EY_xy_QRS_Compact_cm.png,Results/EY_xy/Generated_Plots/EY_xy_QRS_Compact_boxplot.png,Results/EY_xy/Generated_Plots/EY_xy_QRS_Compact_tdist.png
EY_xy,QRS,Angle,qrs_Angle,not_equal,False,0.1410663401590816,1.666376187216083,False,-117.7296593649782,0.7532467532467533,ARVC,0.7142857142857143,0.7272727272727273,0.6666666666666666,7,11,Results/EY_xy/Generated_Plots/EY_xy_QRS_Angle_roc.png,Results/EY_xy/Generated_Plots/EY_xy_QRS_Angle_cm.png,Results/EY_xy/Generated_Plots/EY_xy_QRS_Angle_boxplot.png,Results/EY_xy/Generated_Plots/EY_xy_QRS_Angle_tdist.png
EY_xy,ST,Area,st_Area,data2_greater,True,0.1419738734839647,-1.124915574235531,False,10.437044104525029,0.5740740740740741,Healthy,0.3333333333333333,1.0,0.5,7,11,Results/EY_xy/Generated_Plots/EY_xy_ST_Area_roc.png,Results/EY_xy/Generated_Plots/EY_xy_ST_Area_cm.png,Results/EY_xy/Generated_Plots/EY_xy_ST_Area_boxplot.png,Results/EY_xy/Generated_Plots/EY_xy_ST_Area_tdist.png
EY_xy,ST,T-Dist,st_T-Dist,data2_greater,True,0.043634781307108676,-1.8740028630605114,True,3.374596875556247,0.6212121212121213,Healthy,0.36363636363636365,1.0,0.5333333333333333,7,11,Results/EY_xy/Generated_Plots/EY_xy_ST_T-Dist_roc.png,Results/EY_xy/Generated_Plots/EY_xy_ST_T-Dist_cm.png,Results/EY_xy/Generated_Plots/EY_xy_ST_T-Dist_boxplot.png,Results/EY_xy/Generated_Plots/EY_xy_ST_T-Dist_tdist.png
EY_xy,ST,Compact,st_Compact,data2_greater,True,0.9639878515828999,1.9855787171153083,False,0.4424656068621498,0.2,Healthy,0.2,1.0,0.3333333333333333,7,11,Results/EY_xy/Generated_Plots/EY_xy_ST_Compact_roc.png,Results/EY_xy/Generated_Plots/EY_xy_ST_Compact_cm.png,Results/EY_xy/Generated_Plots/EY_xy_ST_Compact_boxplot.png,Results/EY_xy/Generated_Plots/EY_xy_ST_Compact_tdist.png
EY_xy,ST,Angle,st_Angle,not_equal,False,0.7220297491223255,0.3677852144691161,False,104.03477065614555,0.5194805194805194,ARVC,0.2857142857142857,1.0,0.4444444444444444,7,11,Results/EY_xy/Generated_Plots/EY_xy_ST_Angle_roc.png,Results/EY_xy/Generated_Plots/EY_xy_ST_Angle_cm.png,Results/EY_xy/Generated_Plots/EY_xy_ST_Angle_boxplot.png,Results/EY_xy/Generated_Plots/EY_xy_ST_Angle_tdist.png
YP_yz,T,Area,t_Area,data2_greater,True,0.0017425082670824558,-3.7405881303261936,True,56.80683437266333,0.9,Healthy,0.8,1.0,0.8888888888888888,7,11,Results/YP_yz/Generated_Plots/YP_yz_T_Area_roc.png,Results/YP_yz/Generated_Plots/YP_yz_T_Area_cm.png,Results/YP_yz/Generated_Plots/YP_yz_T_Area_boxplot.png,Results/YP_yz/Generated_Plots/YP_yz_T_Area_tdist.png
YP_yz,T,T-Dist,t_T-Dist,data2_greater,True,0.0017579104249304302,-3.7835442636479955,True,8.7176847971581,0.9,Healthy,0.9,1.0,0.9473684210526315,7,11,Results/YP_yz/Generated_Plots/YP_yz_T_T-Dist_roc.png,Results/YP_yz/Generated_Plots/YP_yz_T_T-Dist_cm.png,Results/YP_yz/Generated_Plots/YP_yz_T_T-Dist_boxplot.png,Results/YP_yz/Generated_Plots/YP_yz_T_T-Dist_tdist.png
YP_yz,T,Compact,t_Compact,data2_greater,False,0.1724537752743064,-0.9741532092635281,False,0.7410161262470928,0.6363636363636364,Healthy,0.6363636363636364,0.8571428571428571,0.7368421052631579,7,11,Results/YP_yz/Generated_Plots/YP_yz_T_Compact_roc.png,Results/YP_yz/Generated_Plots/YP_yz_T_Compact_cm.png,Results/YP_yz/Generated_Plots/YP_yz_T_Compact_boxplot.png,Results/YP_yz/Generated_Plots/YP_yz_T_Compact_tdist.png
YP_yz,T,Angle,t_Angle,not_equal,False,0.3355376356314387,0.9982307828872079,False,137.5902876149283,0.7142857142857143,ARVC,0.7142857142857143,0.7272727272727273,0.6666666666666666,7,11,Results/YP_yz/Generated_Plots/YP_yz_T_Angle_roc.png,Results/YP_yz/Generated_Plots/YP_yz_T_Angle_cm.png,Results/YP_yz/Generated_Plots/YP_yz_T_Angle_boxplot.png,Results/YP_yz/Generated_Plots/YP_yz_T_Angle_tdist.png
YP_yz,QRS,Area,qrs_Area,data2_greater,True,0.036309013200182254,-1.9227862681028758,True,84.6101334405542,0.7142857142857143,Healthy,0.6363636363636364,0.8571428571428571,0.7368421052631579,7,11,Results/YP_yz/Generated_Plots/YP_yz_QRS_Area_roc.png,Results/YP_yz/Generated_Plots/YP_yz_QRS_Area_cm.png,Results/YP_yz/Generated_Plots/YP_yz_QRS_Area_boxplot.png,Results/YP_yz/Generated_Plots/YP_yz_QRS_Area_tdist.png
YP_yz,QRS,T-Dist,qrs_T-Dist,data2_greater,True,0.06957809830292291,-1.557105904336168,False,45.361593640015634,0.6753246753246753,Healthy,0.5454545454545454,0.8571428571428571,0.6666666666666666,7,11,Results/YP_yz/Generated_Plots/YP_yz_QRS_T-Dist_roc.png,Results/YP_yz/Generated_Plots/YP_yz_QRS_T-Dist_cm.png,Results/YP_yz/Generated_Plots/YP_yz_QRS_T-Dist_boxplot.png,Results/YP_yz/Generated_Plots/YP_yz_QRS_T-Dist_tdist.png
YP_yz,QRS,Compact,qrs_Compact,data2_greater,True,0.22540162010166215,-0.7780447034100226,False,0.2952307800149378,0.5555555555555556,Healthy,0.3333333333333333,1.0,0.5,7,11,Results/YP_yz/Generated_Plots/YP_yz_QRS_Compact_roc.png,Results/YP_yz/Generated_Plots/YP_yz_QRS_Compact_cm.png,Results/YP_yz/Generated_Plots/YP_yz_QRS_Compact_boxplot.png,Results/YP_yz/Generated_Plots/YP_yz_QRS_Compact_tdist.png
YP_yz,QRS,Angle,qrs_Angle,not_equal,False,0.7020318291345871,0.390117620549735,False,-146.55301144473194,0.5844155844155844,ARVC,1.0,0.2727272727272727,0.6363636363636364,7,11,Results/YP_yz/Generated_Plots/YP_yz_QRS_Angle_roc.png,Results/YP_yz/Generated_Plots/YP_yz_QRS_Angle_cm.png,Results/YP_yz/Generated_Plots/YP_yz_QRS_Angle_boxplot.png,Results/YP_yz/Generated_Plots/YP_yz_QRS_Angle_tdist.png
YP_yz,ST,Area,st_Area,data2_greater,True,0.04389485909157918,-1.8314332488063785,True,17.13559572532779,0.6753246753246753,Healthy,0.36363636363636365,1.0,0.5333333333333333,7,11,Results/YP_yz/Generated_Plots/YP_yz_ST_Area_roc.png,Results/YP_yz/Generated_Plots/YP_yz_ST_Area_cm.png,Results/YP_yz/Generated_Plots/YP_yz_ST_Area_boxplot.png,Results/YP_yz/Generated_Plots/YP_yz_ST_Area_tdist.png
YP_yz,ST,T-Dist,st_T-Dist,data2_greater,True,0.03280442144773524,-1.990416985801184,True,3.861261089048472,0.7045454545454546,Healthy,0.45454545454545453,1.0,0.625,7,11,Results/YP_yz/Generated_Plots/YP_yz_ST_T-Dist_roc.png,Results/YP_yz/Generated_Plots/YP_yz_ST_T-Dist_cm.png,Results/YP_yz/Generated_Plots/YP_yz_ST_T-Dist_boxplot.png,Results/YP_yz/Generated_Plots/YP_yz_ST_T-Dist_tdist.png
YP_yz,ST,Compact,st_Compact,data2_greater,True,0.3398502750298092,-0.42416757708669,False,0.1013355015796048,0.6103896103896104,Healthy,0.9090909090909091,0.42857142857142855,0.8,7,11,Results/YP_yz/Generated_Plots/YP_yz_ST_Compact_roc.png,Results/YP_yz/Generated_Plots/YP_yz_ST_Compact_cm.png,Results/YP_yz/Generated_Plots/YP_yz_ST_Compact_boxplot.png,Results/YP_yz/Generated_Plots/YP_yz_ST_Compact_tdist.png
YP_yz,ST,Angle,st_Angle,not_equal,False,0.7986497827448682,0.2612979470207794,False,32.52554610091916,0.5194805194805194,ARVC,0.2857142857142857,0.9090909090909091,0.4,7,11,Results/YP_yz/Generated_Plots/YP_yz_ST_Angle_roc.png,Results/YP_yz/Generated_Plots/YP_yz_ST_Angle_cm.png,Results/YP_yz/Generated_Plots/YP_yz_ST_Angle_boxplot.png,Results/YP_yz/Generated_Plots/YP_yz_ST_Angle_tdist.png
NL_yz,T,Area,t_Area,data2_greater,True,0.6153516918519019,0.3136421065780002,False,6.32536802250474,0.6428571428571428,Healthy,1.0,0.5714285714285714,0.5714285714285714,8,2,Results/NL_yz/Generated_Plots/NL_yz_T_Area_roc.png,Results/NL_yz/Generated_Plots/NL_yz_T_Area_cm.png,Results/NL_yz/Generated_Plots/NL_yz_T_Area_boxplot.png,Results/NL_yz/Generated_Plots/NL_yz_T_Area_tdist.png
NL_yz,T,T-Dist,t_T-Dist,data2_greater,True,0.828036047088361,1.0149668961692015,False,7.009407407288209,0.4285714285714286,Healthy,1.0,0.42857142857142855,0.5,8,2,Results/NL_yz/Generated_Plots/NL_yz_T_T-Dist_roc.png,Results/NL_yz/Generated_Plots/NL_yz_T_T-Dist_cm.png,Results/NL_yz/Generated_Plots/NL_yz_T_T-Dist_boxplot.png,Results/NL_yz/Generated_Plots/NL_yz_T_T-Dist_tdist.png
NL_yz,T,Compact,t_Compact,data2_greater,False,0.5858541483685338,0.2580228695053464,False,0.8663153342270803,0.5,Healthy,0.5,0.75,0.4,8,2,Results/NL_yz/Generated_Plots/NL_yz_T_Compact_roc.png,Results/NL_yz/Generated_Plots/NL_yz_T_Compact_cm.png,Results/NL_yz/Generated_Plots/NL_yz_T_Compact_boxplot.png,Results/NL_yz/Generated_Plots/NL_yz_T_Compact_tdist.png
NL_yz,T,Angle,t_Angle,not_equal,False,0.7059056556625187,-0.46946766445800786,False,176.0050443974574,0.5625,Healthy,0.5,0.875,0.5,8,2,Results/NL_yz/Generated_Plots/NL_yz_T_Angle_roc.png,Results/NL_yz/Generated_Plots/NL_yz_T_Angle_cm.png,Results/NL_yz/Generated_Plots/NL_yz_T_Angle_boxplot.png,Results/NL_yz/Generated_Plots/NL_yz_T_Angle_tdist.png
NL_yz,QRS,Area,qrs_Area,data2_greater,True,0.2248301133776288,-1.1663092918891518,False,51.57567227669245,0.9166666666666667,Healthy,1.0,0.8333333333333334,0.8,8,2,Results/NL_yz/Generated_Plots/NL_yz_QRS_Area_roc.png,Results/NL_yz/Generated_Plots/NL_yz_QRS_Area_cm.png,Results/NL_yz/Generated_Plots/NL_yz_QRS_Area_boxplot.png,Results/NL_yz/Generated_Plots/NL_yz_QRS_Area_tdist.png
NL_yz,QRS,T-Dist,qrs_T-Dist,data2_greater,True,0.0006063719408072728,-6.144536807756599,True,24.977814959449045,1.0,Healthy,1.0,1.0,1.0,8,2,Results/NL_yz/Generated_Plots/NL_yz_QRS_T-Dist_roc.png,Results/NL_yz/Generated_Plots/NL_yz_QRS_T-Dist_cm.png,Results/NL_yz/Generated_Plots/NL_yz_QRS_T-Dist_boxplot.png,Results/NL_yz/Generated_Plots/NL_yz_QRS_T-Dist_tdist.png
NL_yz,QRS,Compact,qrs_Compact,data2_greater,True,0.4836546998761381,-0.046895996330266865,False,0.2410768695841746,0.5625,Healthy,1.0,0.375,0.4444444444444444,8,2,Results/NL_yz/Generated_Plots/NL_yz_QRS_Compact_roc.png,Results/NL_yz/Generated_Plots/NL_yz_QRS_Compact_cm.png,Results/NL_yz/Generated_Plots/NL_yz_QRS_Compact_boxplot.png,Results/NL_yz/Generated_Plots/NL_yz_QRS_Compact_tdist.png
NL_yz,QRS,Angle,qrs_Angle,not_equal,False,0.8245735801533283,-0.27648142492742717,False,165.5755083145401,0.625,Healthy,0.5,1.0,0.6666666666666666,8,2,Results/NL_yz/Generated_Plots/NL_yz_QRS_Angle_roc.png,Results/NL_yz/Generated_Plots/NL_yz_QRS_Angle_cm.png,Results/NL_yz/Generated_Plots/NL_yz_QRS_Angle_boxplot.png,Results/NL_yz/Generated_Plots/NL_yz_QRS_Angle_tdist.png
NL_yz,ST,Area,st_Area,data2_greater,True,0.2382698735673044,-1.0680126638240708,False,5.435682878283828,0.8333333333333334,Healthy,1.0,0.6666666666666666,0.6666666666666666,8,2,Results/NL_yz/Generated_Plots/NL_yz_ST_Area_roc.png,Results/NL_yz/Generated_Plots/NL_yz_ST_Area_cm.png,Results/NL_yz/Generated_Plots/NL_yz_ST_Area_boxplot.png,Results/NL_yz/Generated_Plots/NL_yz_ST_Area_tdist.png
NL_yz,ST,T-Dist,st_T-Dist,data2_greater,True,0.6312466684977591,0.3824764189202836,False,2.306614536393146,0.41666666666666663,Healthy,0.5,0.6666666666666666,0.4,8,2,Results/NL_yz/Generated_Plots/NL_yz_ST_T-Dist_roc.png,Results/NL_yz/Generated_Plots/NL_yz_ST_T-Dist_cm.png,Results/NL_yz/Generated_Plots/NL_yz_ST_T-Dist_boxplot.png,Results/NL_yz/Generated_Plots/NL_yz_ST_T-Dist_tdist.png
NL_yz,ST,Compact,st_Compact,data2_greater,True,0.4788355275183913,-0.061573392405544776,False,0.425656187951097,0.5714285714285714,Healthy,0.5,0.8571428571428571,0.5,8,2,Results/NL_yz/Generated_Plots/NL_yz_ST_Compact_roc.png,Results/NL_yz/Generated_Plots/NL_yz_ST_Compact_cm.png,Results/NL_yz/Generated_Plots/NL_yz_ST_Compact_boxplot.png,Results/NL_yz/Generated_Plots/NL_yz_ST_Compact_tdist.png
NL_yz,ST,Angle,st_Angle,not_equal,False,0.6866155263377233,-0.4350143075819823,False,-8.778405897786454,0.5625,Healthy,1.0,0.375,0.4444444444444444,8,2,Results/NL_yz/Generated_Plots/NL_yz_ST_Angle_roc.png,Results/NL_yz/Generated_Plots/NL_yz_ST_Angle_cm.png,Results/NL_yz/Generated_Plots/NL_yz_ST_Angle_boxplot.png,Results/NL_yz/Generated_Plots/NL_yz_ST_Angle_tdist.png
OT_yz,T,Area,t_Area,data2_greater,True,0.04295125046623616,-1.8853660390843512,True,19.93459774079392,0.7222222222222222,Healthy,0.8888888888888888,0.625,0.8,8,10,Results/OT_yz/Generated_Plots/OT_yz_T_Area_roc.png,Results/OT_yz/Generated_Plots/OT_yz_T_Area_cm.png,Results/OT_yz/Generated_Plots/OT_yz_T_Area_boxplot.png,Results/OT_yz/Generated_Plots/OT_yz_T_Area_tdist.png
OT_yz,T,T-Dist,t_T-Dist,data2_greater,True,0.019015527222748414,-2.3029243359909195,True,14.83959456579171,0.7777777777777777,Healthy,0.5555555555555556,1.0,0.7142857142857143,8,10,Results/OT_yz/Generated_Plots/OT_yz_T_T-Dist_roc.png,Results/OT_yz/Generated_Plots/OT_yz_T_T-Dist_cm.png,Results/OT_yz/Generated_Plots/OT_yz_T_T-Dist_boxplot.png,Results/OT_yz/Generated_Plots/OT_yz_T_T-Dist_tdist.png
OT_yz,T,Compact,t_Compact,data2_greater,False,0.3160225535853762,-0.48820119864691897,False,0.6663026375635671,0.5625,Healthy,0.6,0.625,0.631578947368421,8,10,Results/OT_yz/Generated_Plots/OT_yz_T_Compact_roc.png,Results/OT_yz/Generated_Plots/OT_yz_T_Compact_cm.png,Results/OT_yz/Generated_Plots/OT_yz_T_Compact_boxplot.png,Results/OT_yz/Generated_Plots/OT_yz_T_Compact_tdist.png
OT_yz,T,Angle,t_Angle,not_equal,False,0.1347188051584336,1.5938445831716879,False,140.07906159912986,0.7375,ARVC,0.5,1.0,0.6666666666666666,8,10,Results/OT_yz/Generated_Plots/OT_yz_T_Angle_roc.png,Results/OT_yz/Generated_Plots/OT_yz_T_Angle_cm.png,Results/OT_yz/Generated_Plots/OT_yz_T_Angle_boxplot.png,Results/OT_yz/Generated_Plots/OT_yz_T_Angle_tdist.png
OT_yz,QRS,Area,qrs_Area,data2_greater,True,0.03702679706981387,-2.0186576265895266,True,257.5434488197516,0.6984126984126984,Healthy,0.4444444444444444,1.0,0.6153846153846154,8,10,Results/OT_yz/Generated_Plots/OT_yz_QRS_Area_roc.png,Results/OT_yz/Generated_Plots/OT_yz_QRS_Area_cm.png,Results/OT_yz/Generated_Plots/OT_yz_QRS_Area_boxplot.png,Results/OT_yz/Generated_Plots/OT_yz_QRS_Area_tdist.png
OT_yz,QRS,T-Dist,qrs_T-Dist,data2_greater,True,0.30815587290201085,-0.512206120770949,False,52.98384325982493,0.55,Healthy,0.4,0.875,0.5333333333333333,8,10,Results/OT_yz/Generated_Plots/OT_yz_QRS_T-Dist_roc.png,Results/OT_yz/Generated_Plots/OT_yz_QRS_T-Dist_cm.png,Results/OT_yz/Generated_Plots/OT_yz_QRS_T-Dist_boxplot.png,Results/OT_yz/Generated_Plots/OT_yz_QRS_T-Dist_tdist.png
OT_yz,QRS,Compact,qrs_Compact,data2_greater,True,0.355779500081706,-0.3774506610537667,False,0.2911089606037993,0.5416666666666667,Healthy,0.6666666666666666,0.625,0.6666666666666666,8,10,Results/OT_yz/Generated_Plots/OT_yz_QRS_Compact_roc.png,Results/OT_yz/Generated_Plots/OT_yz_QRS_Compact_cm.png,Results/OT_yz/Generated_Plots/OT_yz_QRS_Compact_boxplot.png,Results/OT_yz/Generated_Plots/OT_yz_QRS_Compact_tdist.png
OT_yz,QRS,Angle,qrs_Angle,not_equal,False,0.6088558150935793,0.5238105801937939,False,-90.90876326106724,0.5874999999999999,ARVC,0.625,0.7,0.625,8,10,Results/OT_yz/Generated_Plots/OT_yz_QRS_Angle_roc.png,Results/OT_yz/Generated_Plots/OT_yz_QRS_Angle_cm.png,Results/OT_yz/Generated_Plots/OT_yz_QRS_Angle_boxplot.png,Results/OT_yz/Generated_Plots/OT_yz_QRS_Angle_tdist.png
OT_yz,ST,Area,st_Area,data2_greater,True,0.020479841986822834,-2.3834221331030574,True,5.176636964809774,0.8666666666666667,Healthy,0.8,1.0,0.8888888888888888,8,10,Results/OT_yz/Generated_Plots/OT_yz_ST_Area_roc.png,Results/OT_yz/Generated_Plots/OT_yz_ST_Area_cm.png,Results/OT_yz/Generated_Plots/OT_yz_ST_Area_boxplot.png,Results/OT_yz/Generated_Plots/OT_yz_ST_Area_tdist.png
OT_yz,ST,T-Dist,st_T-Dist,data2_greater,True,0.00913051295946766,-2.7422563087181846,True,2.033711856011542,0.8428571428571429,Healthy,0.9,0.7142857142857143,0.8571428571428571,8,10,Results/OT_yz/Generated_Plots/OT_yz_ST_T-Dist_roc.png,Results/OT_yz/Generated_Plots/OT_yz_ST_T-Dist_cm.png,Results/OT_yz/Generated_Plots/OT_yz_ST_T-Dist_boxplot.png,Results/OT_yz/Generated_Plots/OT_yz_ST_T-Dist_tdist.png
OT_yz,ST,Compact,st_Compact,data2_greater,True,0.10007779039175695,-1.3837734675137905,False,0.3750336987011305,0.5555555555555556,Healthy,0.3333333333333333,1.0,0.5,8,10,Results/OT_yz/Generated_Plots/OT_yz_ST_Compact_roc.png,Results/OT_yz/Generated_Plots/OT_yz_ST_Compact_cm.png,Results/OT_yz/Generated_Plots/OT_yz_ST_Compact_boxplot.png,Results/OT_yz/Generated_Plots/OT_yz_ST_Compact_tdist.png
OT_yz,ST,Angle,st_Angle,not_equal,False,0.9261048448410336,0.09485708459049609,False,131.34049186770378,0.5375000000000001,ARVC,0.375,0.9,0.5,8,10,Results/OT_yz/Generated_Plots/OT_yz_ST_Angle_roc.png,Results/OT_yz/Generated_Plots/OT_yz_ST_Angle_cm.png,Results/OT_yz/Generated_Plots/OT_yz_ST_Angle_boxplot.png,Results/OT_yz/Generated_Plots/OT_yz_ST_Angle_tdist.png
YQ_xy,T,Area,t_Area,data2_greater,True,0.8495875344588644,1.1223594049080934,False,15.014792318176204,0.4444444444444445,Healthy,0.6666666666666666,0.5714285714285714,0.6666666666666666,7,11,Results/YQ_xy/Generated_Plots/YQ_xy_T_Area_roc.png,Results/YQ_xy/Generated_Plots/YQ_xy_T_Area_cm.png,Results/YQ_xy/Generated_Plots/YQ_xy_T_Area_boxplot.png,Results/YQ_xy/Generated_Plots/YQ_xy_T_Area_tdist.png
YQ_xy,T,T-Dist,t_T-Dist,data2_greater,True,0.1613772726355262,-1.0228096765598156,False,9.628017059837813,0.6142857142857143,Healthy,0.6,0.7142857142857143,0.6666666666666666,7,11,Results/YQ_xy/Generated_Plots/YQ_xy_T_T-Dist_roc.png,Results/YQ_xy/Generated_Plots/YQ_xy_T_T-Dist_cm.png,Results/YQ_xy/Generated_Plots/YQ_xy_T_T-Dist_boxplot.png,Results/YQ_xy/Generated_Plots/YQ_xy_T_T-Dist_tdist.png
YQ_xy,T,Compact,t_Compact,data2_greater,False,0.6662588573655968,0.43812638397418374,False,0.9853212943318496,0.38961038961038963,Healthy,0.18181818181818182,1.0,0.3076923076923077,7,11,Results/YQ_xy/Generated_Plots/YQ_xy_T_Compact_roc.png,Results/YQ_xy/Generated_Plots/YQ_xy_T_Compact_cm.png,Results/YQ_xy/Generated_Plots/YQ_xy_T_Compact_boxplot.png,Results/YQ_xy/Generated_Plots/YQ_xy_T_Compact_tdist.png
YQ_xy,T,Angle,t_Angle,not_equal,False,0.8224772905295058,-0.2287369864255546,False,102.85064779631112,0.5324675324675324,Healthy,0.36363636363636365,0.8571428571428571,0.5,7,11,Results/YQ_xy/Generated_Plots/YQ_xy_T_Angle_roc.png,Results/YQ_xy/Generated_Plots/YQ_xy_T_Angle_cm.png,Results/YQ_xy/Generated_Plots/YQ_xy_T_Angle_boxplot.png,Results/YQ_xy/Generated_Plots/YQ_xy_T_Angle_tdist.png
YQ_xy,QRS,Area,qrs_Area,data2_greater,True,0.49717619598686186,-0.0073584385010864155,False,79.76193706035968,0.6333333333333333,Healthy,0.8,0.6666666666666666,0.8,7,11,Results/YQ_xy/Generated_Plots/YQ_xy_QRS_Area_roc.png,Results/YQ_xy/Generated_Plots/YQ_xy_QRS_Area_cm.png,Results/YQ_xy/Generated_Plots/YQ_xy_QRS_Area_boxplot.png,Results/YQ_xy/Generated_Plots/YQ_xy_QRS_Area_tdist.png
YQ_xy,QRS,T-Dist,qrs_T-Dist,data2_greater,True,0.14279098417982167,-1.1828338312473372,False,28.03056470109422,0.6666666666666667,Healthy,0.8888888888888888,0.6666666666666666,0.8421052631578947,7,11,Results/YQ_xy/Generated_Plots/YQ_xy_QRS_T-Dist_roc.png,Results/YQ_xy/Generated_Plots/YQ_xy_QRS_T-Dist_cm.png,Results/YQ_xy/Generated_Plots/YQ_xy_QRS_T-Dist_boxplot.png,Results/YQ_xy/Generated_Plots/YQ_xy_QRS_T-Dist_tdist.png
YQ_xy,QRS,Compact,qrs_Compact,data2_greater,True,0.6305440375519729,0.3442933817806495,False,0.2628351777193487,0.4675324675324675,Healthy,0.8181818181818182,0.42857142857142855,0.75,7,11,Results/YQ_xy/Generated_Plots/YQ_xy_QRS_Compact_roc.png,Results/YQ_xy/Generated_Plots/YQ_xy_QRS_Compact_cm.png,Results/YQ_xy/Generated_Plots/YQ_xy_QRS_Compact_boxplot.png,Results/YQ_xy/Generated_Plots/YQ_xy_QRS_Compact_tdist.png
YQ_xy,QRS,Angle,qrs_Angle,not_equal,False,0.42746482065876545,-0.8153885987317329,False,147.97049273706517,0.6623376623376623,Healthy,0.5454545454545454,1.0,0.7058823529411765,7,11,Results/YQ_xy/Generated_Plots/YQ_xy_QRS_Angle_roc.png,Results/YQ_xy/Generated_Plots/YQ_xy_QRS_Angle_cm.png,Results/YQ_xy/Generated_Plots/YQ_xy_QRS_Angle_boxplot.png,Results/YQ_xy/Generated_Plots/YQ_xy_QRS_Angle_tdist.png
YQ_xy,ST,Area,st_Area,data2_greater,True,0.751379629309554,0.7302916185949176,False,19.510228952995305,0.5833333333333333,Healthy,0.5,0.8333333333333334,0.625,7,11,Results/YQ_xy/Generated_Plots/YQ_xy_ST_Area_roc.png,Results/YQ_xy/Generated_Plots/YQ_xy_ST_Area_cm.png,Results/YQ_xy/Generated_Plots/YQ_xy_ST_Area_boxplot.png,Results/YQ_xy/Generated_Plots/YQ_xy_ST_Area_tdist.png
YQ_xy,ST,T-Dist,st_T-Dist,data2_greater,True,0.09903785235426424,-1.3473897606546483,False,0.9698351113708124,0.6363636363636362,Healthy,0.6363636363636364,0.6666666666666666,0.7,7,11,Results/YQ_xy/Generated_Plots/YQ_xy_ST_T-Dist_roc.png,Results/YQ_xy/Generated_Plots/YQ_xy_ST_T-Dist_cm.png,Results/YQ_xy/Generated_Plots/YQ_xy_ST_T-Dist_boxplot.png,Results/YQ_xy/Generated_Plots/YQ_xy_ST_T-Dist_tdist.png
YQ_xy,ST,Compact,st_Compact,data2_greater,True,0.9169317744676175,1.5238860584122498,False,0.0883770444019973,0.3116883116883117,Healthy,0.7272727272727273,0.2857142857142857,0.6666666666666666,7,11,Results/YQ_xy/Generated_Plots/YQ_xy_ST_Compact_roc.png,Results/YQ_xy/Generated_Plots/YQ_xy_ST_Compact_cm.png,Results/YQ_xy/Generated_Plots/YQ_xy_ST_Compact_boxplot.png,Results/YQ_xy/Generated_Plots/YQ_xy_ST_Compact_tdist.png
YQ_xy,ST,Angle,st_Angle,not_equal,False,0.6205307955455541,-0.510620009305754,False,-72.84685007917575,0.5974025974025974,Healthy,0.9090909090909091,0.42857142857142855,0.8,7,11,Results/YQ_xy/Generated_Plots/YQ_xy_ST_Angle_roc.png,Results/YQ_xy/Generated_Plots/YQ_xy_ST_Angle_cm.png,Results/YQ_xy/Generated_Plots/YQ_xy_ST_Angle_boxplot.png,Results/YQ_xy/Generated_Plots/YQ_xy_ST_Angle_tdist.png
OQ_xy,T,Area,t_Area,data2_greater,True,0.00012781532643899512,-5.90215893344583,True,9.19477826757108,1.0,Healthy,1.0,1.0,1.0,8,11,Results/OQ_xy/Generated_Plots/OQ_xy_T_Area_roc.png,Results/OQ_xy/Generated_Plots/OQ_xy_T_Area_cm.png,Results/OQ_xy/Generated_Plots/OQ_xy_T_Area_boxplot.png,Results/OQ_xy/Generated_Plots/OQ_xy_T_Area_tdist.png
OQ_xy,T,T-Dist,t_T-Dist,data2_greater,True,0.005301608212262768,-2.915286291241167,True,8.483336865172435,0.7954545454545454,Healthy,0.6363636363636364,1.0,0.7777777777777778,8,11,Results/OQ_xy/Generated_Plots/OQ_xy_T_T-Dist_roc.png,Results/OQ_xy/Generated_Plots/OQ_xy_T_T-Dist_cm.png,Results/OQ_xy/Generated_Plots/OQ_xy_T_T-Dist_boxplot.png,Results/OQ_xy/Generated_Plots/OQ_xy_T_T-Dist_tdist.png
OQ_xy,T,Compact,t_Compact,data2_greater,False,0.001296991109502905,-3.554188885209333,True,0.5551864698715822,0.8863636363636364,Healthy,0.9090909090909091,0.875,0.9090909090909091,8,11,Results/OQ_xy/Generated_Plots/OQ_xy_T_Compact_roc.png,Results/OQ_xy/Generated_Plots/OQ_xy_T_Compact_cm.png,Results/OQ_xy/Generated_Plots/OQ_xy_T_Compact_boxplot.png,Results/OQ_xy/Generated_Plots/OQ_xy_T_Compact_tdist.png
OQ_xy,T,Angle,t_Angle,not_equal,False,0.6617401102765954,0.44733436167460155,False,-132.9113853886519,0.5454545454545454,ARVC,0.875,0.36363636363636365,0.6363636363636364,8,11,Results/OQ_xy/Generated_Plots/OQ_xy_T_Angle_roc.png,Results/OQ_xy/Generated_Plots/OQ_xy_T_Angle_cm.png,Results/OQ_xy/Generated_Plots/OQ_xy_T_Angle_boxplot.png,Results/OQ_xy/Generated_Plots/OQ_xy_T_Angle_tdist.png
OQ_xy,QRS,Area,qrs_Area,data2_greater,True,0.40438247892901813,-0.2468482131574408,False,17.736862516881956,0.625,Healthy,0.8,0.625,0.7619047619047619,8,11,Results/OQ_xy/Generated_Plots/OQ_xy_QRS_Area_roc.png,Results/OQ_xy/Generated_Plots/OQ_xy_QRS_Area_cm.png,Results/OQ_xy/Generated_Plots/OQ_xy_QRS_Area_boxplot.png,Results/OQ_xy/Generated_Plots/OQ_xy_QRS_Area_tdist.png
OQ_xy,QRS,T-Dist,qrs_T-Dist,data2_greater,True,0.60353030809068,0.2707971837499921,False,8.448417328898305,0.5795454545454545,Healthy,1.0,0.5,0.8461538461538461,8,11,Results/OQ_xy/Generated_Plots/OQ_xy_QRS_T-Dist_roc.png,Results/OQ_xy/Generated_Plots/OQ_xy_QRS_T-Dist_cm.png,Results/OQ_xy/Generated_Plots/OQ_xy_QRS_T-Dist_boxplot.png,Results/OQ_xy/Generated_Plots/OQ_xy_QRS_T-Dist_tdist.png
OQ_xy,QRS,Compact,qrs_Compact,data2_greater,True,0.08694214426594796,-1.4312505381052734,False,1.0084773220836054,0.5909090909090909,Healthy,0.36363636363636365,1.0,0.5333333333333333,8,11,Results/OQ_xy/Generated_Plots/OQ_xy_QRS_Compact_roc.png,Results/OQ_xy/Generated_Plots/OQ_xy_QRS_Compact_cm.png,Results/OQ_xy/Generated_Plots/OQ_xy_QRS_Compact_boxplot.png,Results/OQ_xy/Generated_Plots/OQ_xy_QRS_Compact_tdist.png
OQ_xy,QRS,Angle,qrs_Angle,not_equal,False,0.8183192252041486,-0.23399666358056503,False,-118.57659868836468,0.5681818181818181,Healthy,0.8181818181818182,0.5,0.75,8,11,Results/OQ_xy/Generated_Plots/OQ_xy_QRS_Angle_roc.png,Results/OQ_xy/Generated_Plots/OQ_xy_QRS_Angle_cm.png,Results/OQ_xy/Generated_Plots/OQ_xy_QRS_Angle_boxplot.png,Results/OQ_xy/Generated_Plots/OQ_xy_QRS_Angle_tdist.png
OQ_xy,ST,Area,st_Area,data2_greater,True,0.16190689857789875,-1.0191035752880284,False,3.529049595277968,0.575,Healthy,0.8,0.5,0.7272727272727273,8,11,Results/OQ_xy/Generated_Plots/OQ_xy_ST_Area_roc.png,Results/OQ_xy/Generated_Plots/OQ_xy_ST_Area_cm.png,Results/OQ_xy/Generated_Plots/OQ_xy_ST_Area_boxplot.png,Results/OQ_xy/Generated_Plots/OQ_xy_ST_Area_tdist.png
OQ_xy,ST,T-Dist,st_T-Dist,data2_greater,True,0.9657104300161439,2.0575890475091074,False,inf,0.21666666666666667,Healthy,0.0,1.0,0.0,8,11,Results/OQ_xy/Generated_Plots/OQ_xy_ST_T-Dist_roc.png,Results/OQ_xy/Generated_Plots/OQ_xy_ST_T-Dist_cm.png,Results/OQ_xy/Generated_Plots/OQ_xy_ST_T-Dist_boxplot.png,Results/OQ_xy/Generated_Plots/OQ_xy_ST_T-Dist_tdist.png
OQ_xy,ST,Compact,st_Compact,data2_greater,True,0.2262662221434376,-0.7713767836127213,False,0.6416073112485946,0.5324675324675325,Healthy,0.2727272727272727,1.0,0.42857142857142855,8,11,Results/OQ_xy/Generated_Plots/OQ_xy_ST_Compact_roc.png,Results/OQ_xy/Generated_Plots/OQ_xy_ST_Compact_cm.png,Results/OQ_xy/Generated_Plots/OQ_xy_ST_Compact_boxplot.png,Results/OQ_xy/Generated_Plots/OQ_xy_ST_Compact_tdist.png
OQ_xy,ST,Angle,st_Angle,not_equal,False,0.26097518585166907,-1.167017548123627,False,109.33526626070824,0.6363636363636364,Healthy,0.36363636363636365,1.0,0.5333333333333333,8,11,Results/OQ_xy/Generated_Plots/OQ_xy_ST_Angle_roc.png,Results/OQ_xy/Generated_Plots/OQ_xy_ST_Angle_cm.png,Results/OQ_xy/Generated_Plots/OQ_xy_ST_Angle_boxplot.png,Results/OQ_xy/Generated_Plots/OQ_xy_ST_Angle_tdist.png
